id,row,col,x,y
1_1,1,1,1,1
1_2,1,2,2,1
1_3,1,3,3,1
1_4,1,4,4,1
1_5,1,5,5,1
1_6,1,6,6,1
1_7,1,7,7,1
1_8,1,8,8,1
1_9,1,9,9,1
1_10,1,10,10,1
1_11,1,11,11,1
1_12,1,12,12,1
1_13,1,13,13,1
1_14,1,14,14,1
1_15,1,15,15,1
1_16,1,16,16,1
1_17,1,17,17,1
1_18,1,18,18,1
1_19,1,19,19,1
1_20,1,20,20,1
1_21,1,21,21,1
1_22,1,22,22,1
1_23,1,23,23,1
1_24,1,24,24,1
1_25,1,25,25,1
1_26,1,26,26,1
1_27,1,27,27,1
1_28,1,28,28,1
1_29,1,29,29,1
1_30,1,30,30,1
1_31,1,31,31,1
1_32,1,32,32,1
1_33,1,33,33,1
1_34,1,34,34,1
1_35,1,35,35,1
1_36,1,36,36,1
1_37,1,37,37,1
1_38,1,38,38,1
1_39,1,39,39,1
1_40,1,40,40,1
1_41,1,41,41,1
1_42,1,42,42,1
1_43,1,43,43,1
1_44,1,44,44,1
1_45,1,45,45,1
1_46,1,46,46,1
1_47,1,47,47,1
1_48,1,48,48,1
1_49,1,49,49,1
1_50,1,50,50,1
1_51,1,51,51,1
1_52,1,52,52,1
1_53,1,53,53,1
1_54,1,54,54,1
1_55,1,55,55,1
1_56,1,56,56,1
1_57,1,57,57,1
1_58,1,58,58,1
1_59,1,59,59,1
1_60,1,60,60,1
1_61,1,61,61,1
1_62,1,62,62,1
1_63,1,63,63,1
1_64,1,64,64,1
1_65,1,65,65,1
1_66,1,66,66,1
1_67,1,67,67,1
1_68,1,68,68,1
1_69,1,69,69,1
1_70,1,70,70,1
1_71,1,71,71,1
1_72,1,72,72,1
1_73,1,73,73,1
1_74,1,74,74,1
1_75,1,75,75,1
1_76,1,76,76,1
1_77,1,77,77,1
1_78,1,78,78,1
2_1,2,1,1,2
2_2,2,2,2,2
2_3,2,3,3,2
2_4,2,4,4,2
2_5,2,5,5,2
2_6,2,6,6,2
2_7,2,7,7,2
2_8,2,8,8,2
2_9,2,9,9,2
2_10,2,10,10,2
2_11,2,11,11,2
2_12,2,12,12,2
2_13,2,13,13,2
2_14,2,14,14,2
2_15,2,15,15,2
2_16,2,16,16,2
2_17,2,17,17,2
2_18,2,18,18,2
2_19,2,19,19,2
2_20,2,20,20,2
2_21,2,21,21,2
2_22,2,22,22,2
2_23,2,23,23,2
2_24,2,24,24,2
2_25,2,25,25,2
2_26,2,26,26,2
2_27,2,27,27,2
2_28,2,28,28,2
2_29,2,29,29,2
2_30,2,30,30,2
2_31,2,31,31,2
2_32,2,32,32,2
2_33,2,33,33,2
2_34,2,34,34,2
2_35,2,35,35,2
2_36,2,36,36,2
2_37,2,37,37,2
2_38,2,38,38,2
2_39,2,39,39,2
2_40,2,40,40,2
2_41,2,41,41,2
2_42,2,42,42,2
2_43,2,43,43,2
2_44,2,44,44,2
2_45,2,45,45,2
2_46,2,46,46,2
2_47,2,47,47,2
2_48,2,48,48,2
2_49,2,49,49,2
2_50,2,50,50,2
2_51,2,51,51,2
2_52,2,52,52,2
2_53,2,53,53,2
2_54,2,54,54,2
2_55,2,55,55,2
2_56,2,56,56,2
2_57,2,57,57,2
2_58,2,58,58,2
2_59,2,59,59,2
2_60,2,60,60,2
2_61,2,61,61,2
2_62,2,62,62,2
2_63,2,63,63,2
2_64,2,64,64,2
2_65,2,65,65,2
2_66,2,66,66,2
2_67,2,67,67,2
2_68,2,68,68,2
2_69,2,69,69,2
2_70,2,70,70,2
2_71,2,71,71,2
2_72,2,72,72,2
2_73,2,73,73,2
2_74,2,74,74,2
2_75,2,75,75,2
2_76,2,76,76,2
2_77,2,77,77,2
2_78,2,78,78,2
3_1,3,1,1,3
3_2,3,2,2,3
3_3,3,3,3,3
3_4,3,4,4,3
3_5,3,5,5,3
3_6,3,6,6,3
3_7,3,7,7,3
3_8,3,8,8,3
3_9,3,9,9,3
3_10,3,10,10,3
3_11,3,11,11,3
3_12,3,12,12,3
3_13,3,13,13,3
3_14,3,14,14,3
3_15,3,15,15,3
3_16,3,16,16,3
3_17,3,17,17,3
3_18,3,18,18,3
3_19,3,19,19,3
3_20,3,20,20,3
3_21,3,21,21,3
3_22,3,22,22,3
3_23,3,23,23,3
3_24,3,24,24,3
3_25,3,25,25,3
3_26,3,26,26,3
3_27,3,27,27,3
3_28,3,28,28,3
3_29,3,29,29,3
3_30,3,30,30,3
3_31,3,31,31,3
3_32,3,32,32,3
3_33,3,33,33,3
3_34,3,34,34,3
3_35,3,35,35,3
3_36,3,36,36,3
3_37,3,37,37,3
3_38,3,38,38,3
3_39,3,39,39,3
3_40,3,40,40,3
3_41,3,41,41,3
3_42,3,42,42,3
3_43,3,43,43,3
3_44,3,44,44,3
3_45,3,45,45,3
3_46,3,46,46,3
3_47,3,47,47,3
3_48,3,48,48,3
3_49,3,49,49,3
3_50,3,50,50,3
3_51,3,51,51,3
3_52,3,52,52,3
3_53,3,53,53,3
3_54,3,54,54,3
3_55,3,55,55,3
3_56,3,56,56,3
3_57,3,57,57,3
3_58,3,58,58,3
3_59,3,59,59,3
3_60,3,60,60,3
3_61,3,61,61,3
3_62,3,62,62,3
3_63,3,63,63,3
3_64,3,64,64,3
3_65,3,65,65,3
3_66,3,66,66,3
3_67,3,67,67,3
3_68,3,68,68,3
3_69,3,69,69,3
3_70,3,70,70,3
3_71,3,71,71,3
3_72,3,72,72,3
3_73,3,73,73,3
3_74,3,74,74,3
3_75,3,75,75,3
3_76,3,76,76,3
3_77,3,77,77,3
3_78,3,78,78,3
4_1,4,1,1,4
4_2,4,2,2,4
4_3,4,3,3,4
4_4,4,4,4,4
4_5,4,5,5,4
4_6,4,6,6,4
4_7,4,7,7,4
4_8,4,8,8,4
4_9,4,9,9,4
4_10,4,10,10,4
4_11,4,11,11,4
4_12,4,12,12,4
4_13,4,13,13,4
4_14,4,14,14,4
4_15,4,15,15,4
4_16,4,16,16,4
4_17,4,17,17,4
4_18,4,18,18,4
4_19,4,19,19,4
4_20,4,20,20,4
4_21,4,21,21,4
4_22,4,22,22,4
4_23,4,23,23,4
4_24,4,24,24,4
4_25,4,25,25,4
4_26,4,26,26,4
4_27,4,27,27,4
4_28,4,28,28,4
4_29,4,29,29,4
4_30,4,30,30,4
4_31,4,31,31,4
4_32,4,32,32,4
4_33,4,33,33,4
4_34,4,34,34,4
4_35,4,35,35,4
4_36,4,36,36,4
4_37,4,37,37,4
4_38,4,38,38,4
4_39,4,39,39,4
4_40,4,40,40,4
4_41,4,41,41,4
4_42,4,42,42,4
4_43,4,43,43,4
4_44,4,44,44,4
4_45,4,45,45,4
4_46,4,46,46,4
4_47,4,47,47,4
4_48,4,48,48,4
4_49,4,49,49,4
4_50,4,50,50,4
4_51,4,51,51,4
4_52,4,52,52,4
4_53,4,53,53,4
4_54,4,54,54,4
4_55,4,55,55,4
4_56,4,56,56,4
4_57,4,57,57,4
4_58,4,58,58,4
4_59,4,59,59,4
4_60,4,60,60,4
4_61,4,61,61,4
4_62,4,62,62,4
4_63,4,63,63,4
4_64,4,64,64,4
4_65,4,65,65,4
4_66,4,66,66,4
4_67,4,67,67,4
4_68,4,68,68,4
4_69,4,69,69,4
4_70,4,70,70,4
4_71,4,71,71,4
4_72,4,72,72,4
4_73,4,73,73,4
4_74,4,74,74,4
4_75,4,75,75,4
4_76,4,76,76,4
4_77,4,77,77,4
4_78,4,78,78,4
5_1,5,1,1,5
5_2,5,2,2,5
5_3,5,3,3,5
5_4,5,4,4,5
5_5,5,5,5,5
5_10,5,10,10,5
5_11,5,11,11,5
5_12,5,12,12,5
5_13,5,13,13,5
5_14,5,14,14,5
5_19,5,19,19,5
5_20,5,20,20,5
5_21,5,21,21,5
5_22,5,22,22,5
5_23,5,23,23,5
5_28,5,28,28,5
5_29,5,29,29,5
5_30,5,30,30,5
5_31,5,31,31,5
5_32,5,32,32,5
5_37,5,37,37,5
5_38,5,38,38,5
5_39,5,39,39,5
5_40,5,40,40,5
5_41,5,41,41,5
5_42,5,42,42,5
5_46,5,46,46,5
5_47,5,47,47,5
5_48,5,48,48,5
5_49,5,49,49,5
5_50,5,50,50,5
5_55,5,55,55,5
5_56,5,56,56,5
5_57,5,57,57,5
5_58,5,58,58,5
5_59,5,59,59,5
5_64,5,64,64,5
5_65,5,65,65,5
5_66,5,66,66,5
5_67,5,67,67,5
5_68,5,68,68,5
5_73,5,73,73,5
5_74,5,74,74,5
5_75,5,75,75,5
5_76,5,76,76,5
5_77,5,77,77,5
5_78,5,78,78,5
6_1,6,1,1,6
6_2,6,2,2,6
6_3,6,3,3,6
6_4,6,4,4,6
6_5,6,5,5,6
6_10,6,10,10,6
6_11,6,11,11,6
6_12,6,12,12,6
6_13,6,13,13,6
6_14,6,14,14,6
6_19,6,19,19,6
6_20,6,20,20,6
6_21,6,21,21,6
6_22,6,22,22,6
6_23,6,23,23,6
6_28,6,28,28,6
6_29,6,29,29,6
6_30,6,30,30,6
6_31,6,31,31,6
6_32,6,32,32,6
6_37,6,37,37,6
6_38,6,38,38,6
6_39,6,39,39,6
6_40,6,40,40,6
6_41,6,41,41,6
6_42,6,42,42,6
6_46,6,46,46,6
6_47,6,47,47,6
6_48,6,48,48,6
6_49,6,49,49,6
6_50,6,50,50,6
6_55,6,55,55,6
6_56,6,56,56,6
6_57,6,57,57,6
6_58,6,58,58,6
6_59,6,59,59,6
6_64,6,64,64,6
6_65,6,65,65,6
6_66,6,66,66,6
6_67,6,67,67,6
6_68,6,68,68,6
6_73,6,73,73,6
6_74,6,74,74,6
6_75,6,75,75,6
6_76,6,76,76,6
6_77,6,77,77,6
6_78,6,78,78,6
7_1,7,1,1,7
7_2,7,2,2,7
7_3,7,3,3,7
7_4,7,4,4,7
7_5,7,5,5,7
7_10,7,10,10,7
7_11,7,11,11,7
7_12,7,12,12,7
7_13,7,13,13,7
7_14,7,14,14,7
7_19,7,19,19,7
7_20,7,20,20,7
7_21,7,21,21,7
7_22,7,22,22,7
7_23,7,23,23,7
7_28,7,28,28,7
7_29,7,29,29,7
7_30,7,30,30,7
7_31,7,31,31,7
7_32,7,32,32,7
7_37,7,37,37,7
7_38,7,38,38,7
7_39,7,39,39,7
7_40,7,40,40,7
7_41,7,41,41,7
7_42,7,42,42,7
7_46,7,46,46,7
7_47,7,47,47,7
7_48,7,48,48,7
7_49,7,49,49,7
7_50,7,50,50,7
7_55,7,55,55,7
7_56,7,56,56,7
7_57,7,57,57,7
7_58,7,58,58,7
7_59,7,59,59,7
7_64,7,64,64,7
7_65,7,65,65,7
7_66,7,66,66,7
7_67,7,67,67,7
7_68,7,68,68,7
7_73,7,73,73,7
7_74,7,74,74,7
7_75,7,75,75,7
7_76,7,76,76,7
7_77,7,77,77,7
7_78,7,78,78,7
8_1,8,1,1,8
8_2,8,2,2,8
8_3,8,3,3,8
8_4,8,4,4,8
8_5,8,5,5,8
8_10,8,10,10,8
8_11,8,11,11,8
8_12,8,12,12,8
8_13,8,13,13,8
8_14,8,14,14,8
8_19,8,19,19,8
8_20,8,20,20,8
8_21,8,21,21,8
8_22,8,22,22,8
8_23,8,23,23,8
8_28,8,28,28,8
8_29,8,29,29,8
8_30,8,30,30,8
8_31,8,31,31,8
8_32,8,32,32,8
8_37,8,37,37,8
8_38,8,38,38,8
8_39,8,39,39,8
8_40,8,40,40,8
8_41,8,41,41,8
8_42,8,42,42,8
8_46,8,46,46,8
8_47,8,47,47,8
8_48,8,48,48,8
8_49,8,49,49,8
8_50,8,50,50,8
8_55,8,55,55,8
8_56,8,56,56,8
8_57,8,57,57,8
8_58,8,58,58,8
8_59,8,59,59,8
8_64,8,64,64,8
8_65,8,65,65,8
8_66,8,66,66,8
8_67,8,67,67,8
8_68,8,68,68,8
8_73,8,73,73,8
8_74,8,74,74,8
8_75,8,75,75,8
8_76,8,76,76,8
8_77,8,77,77,8
8_78,8,78,78,8
9_1,9,1,1,9
9_2,9,2,2,9
9_3,9,3,3,9
9_4,9,4,4,9
9_5,9,5,5,9
9_10,9,10,10,9
9_11,9,11,11,9
9_12,9,12,12,9
9_13,9,13,13,9
9_14,9,14,14,9
9_19,9,19,19,9
9_20,9,20,20,9
9_21,9,21,21,9
9_22,9,22,22,9
9_23,9,23,23,9
9_28,9,28,28,9
9_29,9,29,29,9
9_30,9,30,30,9
9_31,9,31,31,9
9_32,9,32,32,9
9_37,9,37,37,9
9_38,9,38,38,9
9_39,9,39,39,9
9_40,9,40,40,9
9_41,9,41,41,9
9_42,9,42,42,9
9_46,9,46,46,9
9_47,9,47,47,9
9_48,9,48,48,9
9_49,9,49,49,9
9_50,9,50,50,9
9_55,9,55,55,9
9_56,9,56,56,9
9_57,9,57,57,9
9_58,9,58,58,9
9_59,9,59,59,9
9_64,9,64,64,9
9_65,9,65,65,9
9_66,9,66,66,9
9_67,9,67,67,9
9_68,9,68,68,9
9_73,9,73,73,9
9_74,9,74,74,9
9_75,9,75,75,9
9_76,9,76,76,9
9_77,9,77,77,9
9_78,9,78,78,9
10_1,10,1,1,10
10_2,10,2,2,10
10_3,10,3,3,10
10_4,10,4,4,10
10_5,10,5,5,10
10_10,10,10,10,10
10_11,10,11,11,10
10_12,10,12,12,10
10_13,10,13,13,10
10_14,10,14,14,10
10_19,10,19,19,10
10_20,10,20,20,10
10_21,10,21,21,10
10_22,10,22,22,10
10_23,10,23,23,10
10_28,10,28,28,10
10_29,10,29,29,10
10_30,10,30,30,10
10_31,10,31,31,10
10_32,10,32,32,10
10_37,10,37,37,10
10_38,10,38,38,10
10_39,10,39,39,10
10_40,10,40,40,10
10_41,10,41,41,10
10_42,10,42,42,10
10_46,10,46,46,10
10_47,10,47,47,10
10_48,10,48,48,10
10_49,10,49,49,10
10_50,10,50,50,10
10_55,10,55,55,10
10_56,10,56,56,10
10_57,10,57,57,10
10_58,10,58,58,10
10_59,10,59,59,10
10_64,10,64,64,10
10_65,10,65,65,10
10_66,10,66,66,10
10_67,10,67,67,10
10_68,10,68,68,10
10_73,10,73,73,10
10_74,10,74,74,10
10_75,10,75,75,10
10_76,10,76,76,10
10_77,10,77,77,10
10_78,10,78,78,10
11_1,11,1,1,11
11_2,11,2,2,11
11_3,11,3,3,11
11_4,11,4,4,11
11_5,11,5,5,11
11_10,11,10,10,11
11_11,11,11,11,11
11_12,11,12,12,11
11_13,11,13,13,11
11_14,11,14,14,11
11_19,11,19,19,11
11_20,11,20,20,11
11_21,11,21,21,11
11_22,11,22,22,11
11_23,11,23,23,11
11_28,11,28,28,11
11_29,11,29,29,11
11_30,11,30,30,11
11_31,11,31,31,11
11_32,11,32,32,11
11_37,11,37,37,11
11_38,11,38,38,11
11_39,11,39,39,11
11_40,11,40,40,11
11_41,11,41,41,11
11_42,11,42,42,11
11_46,11,46,46,11
11_47,11,47,47,11
11_48,11,48,48,11
11_49,11,49,49,11
11_50,11,50,50,11
11_55,11,55,55,11
11_56,11,56,56,11
11_57,11,57,57,11
11_58,11,58,58,11
11_59,11,59,59,11
11_64,11,64,64,11
11_65,11,65,65,11
11_66,11,66,66,11
11_67,11,67,67,11
11_68,11,68,68,11
11_73,11,73,73,11
11_74,11,74,74,11
11_75,11,75,75,11
11_76,11,76,76,11
11_77,11,77,77,11
11_78,11,78,78,11
12_1,12,1,1,12
12_2,12,2,2,12
12_3,12,3,3,12
12_4,12,4,4,12
12_5,12,5,5,12
12_10,12,10,10,12
12_11,12,11,11,12
12_12,12,12,12,12
12_13,12,13,13,12
12_14,12,14,14,12
12_19,12,19,19,12
12_20,12,20,20,12
12_21,12,21,21,12
12_22,12,22,22,12
12_23,12,23,23,12
12_28,12,28,28,12
12_29,12,29,29,12
12_30,12,30,30,12
12_31,12,31,31,12
12_32,12,32,32,12
12_37,12,37,37,12
12_38,12,38,38,12
12_39,12,39,39,12
12_40,12,40,40,12
12_41,12,41,41,12
12_42,12,42,42,12
12_46,12,46,46,12
12_47,12,47,47,12
12_48,12,48,48,12
12_49,12,49,49,12
12_50,12,50,50,12
12_55,12,55,55,12
12_56,12,56,56,12
12_57,12,57,57,12
12_58,12,58,58,12
12_59,12,59,59,12
12_64,12,64,64,12
12_65,12,65,65,12
12_66,12,66,66,12
12_67,12,67,67,12
12_68,12,68,68,12
12_73,12,73,73,12
12_74,12,74,74,12
12_75,12,75,75,12
12_76,12,76,76,12
12_77,12,77,77,12
12_78,12,78,78,12
13_1,13,1,1,13
13_2,13,2,2,13
13_3,13,3,3,13
13_4,13,4,4,13
13_5,13,5,5,13
13_6,13,6,6,13
13_7,13,7,7,13
13_8,13,8,8,13
13_9,13,9,9,13
13_10,13,10,10,13
13_11,13,11,11,13
13_12,13,12,12,13
13_13,13,13,13,13
13_14,13,14,14,13
13_15,13,15,15,13
13_16,13,16,16,13
13_17,13,17,17,13
13_18,13,18,18,13
13_19,13,19,19,13
13_20,13,20,20,13
13_21,13,21,21,13
13_22,13,22,22,13
13_23,13,23,23,13
13_24,13,24,24,13
13_25,13,25,25,13
13_26,13,26,26,13
13_27,13,27,27,13
13_28,13,28,28,13
13_29,13,29,29,13
13_30,13,30,30,13
13_31,13,31,31,13
13_32,13,32,32,13
13_33,13,33,33,13
13_34,13,34,34,13
13_35,13,35,35,13
13_36,13,36,36,13
13_37,13,37,37,13
13_38,13,38,38,13
13_39,13,39,39,13
13_40,13,40,40,13
13_41,13,41,41,13
13_42,13,42,42,13
13_43,13,43,43,13
13_44,13,44,44,13
13_45,13,45,45,13
13_46,13,46,46,13
13_47,13,47,47,13
13_48,13,48,48,13
13_49,13,49,49,13
13_50,13,50,50,13
13_51,13,51,51,13
13_52,13,52,52,13
13_53,13,53,53,13
13_54,13,54,54,13
13_55,13,55,55,13
13_56,13,56,56,13
13_57,13,57,57,13
13_58,13,58,58,13
13_59,13,59,59,13
13_60,13,60,60,13
13_61,13,61,61,13
13_62,13,62,62,13
13_63,13,63,63,13
13_64,13,64,64,13
13_65,13,65,65,13
13_66,13,66,66,13
13_67,13,67,67,13
13_68,13,68,68,13
13_69,13,69,69,13
13_70,13,70,70,13
13_71,13,71,71,13
13_72,13,72,72,13
13_73,13,73,73,13
13_74,13,74,74,13
13_75,13,75,75,13
13_76,13,76,76,13
13_77,13,77,77,13
13_78,13,78,78,13
14_1,14,1,1,14
14_2,14,2,2,14
14_3,14,3,3,14
14_4,14,4,4,14
14_5,14,5,5,14
14_6,14,6,6,14
14_7,14,7,7,14
14_8,14,8,8,14
14_9,14,9,9,14
14_10,14,10,10,14
14_11,14,11,11,14
14_12,14,12,12,14
14_13,14,13,13,14
14_14,14,14,14,14
14_15,14,15,15,14
14_16,14,16,16,14
14_17,14,17,17,14
14_18,14,18,18,14
14_19,14,19,19,14
14_20,14,20,20,14
14_21,14,21,21,14
14_22,14,22,22,14
14_23,14,23,23,14
14_24,14,24,24,14
14_25,14,25,25,14
14_26,14,26,26,14
14_27,14,27,27,14
14_28,14,28,28,14
14_29,14,29,29,14
14_30,14,30,30,14
14_31,14,31,31,14
14_32,14,32,32,14
14_33,14,33,33,14
14_34,14,34,34,14
14_35,14,35,35,14
14_36,14,36,36,14
14_37,14,37,37,14
14_38,14,38,38,14
14_39,14,39,39,14
14_40,14,40,40,14
14_41,14,41,41,14
14_42,14,42,42,14
14_43,14,43,43,14
14_44,14,44,44,14
14_45,14,45,45,14
14_46,14,46,46,14
14_47,14,47,47,14
14_48,14,48,48,14
14_49,14,49,49,14
14_50,14,50,50,14
14_51,14,51,51,14
14_52,14,52,52,14
14_53,14,53,53,14
14_54,14,54,54,14
14_55,14,55,55,14
14_56,14,56,56,14
14_57,14,57,57,14
14_58,14,58,58,14
14_59,14,59,59,14
14_60,14,60,60,14
14_61,14,61,61,14
14_62,14,62,62,14
14_63,14,63,63,14
14_64,14,64,64,14
14_65,14,65,65,14
14_66,14,66,66,14
14_67,14,67,67,14
14_68,14,68,68,14
14_69,14,69,69,14
14_70,14,70,70,14
14_71,14,71,71,14
14_72,14,72,72,14
14_73,14,73,73,14
14_74,14,74,74,14
14_75,14,75,75,14
14_76,14,76,76,14
14_77,14,77,77,14
14_78,14,78,78,14
15_1,15,1,1,15
15_2,15,2,2,15
15_3,15,3,3,15
15_4,15,4,4,15
15_5,15,5,5,15
15_6,15,6,6,15
15_7,15,7,7,15
15_8,15,8,8,15
15_9,15,9,9,15
15_10,15,10,10,15
15_11,15,11,11,15
15_12,15,12,12,15
15_13,15,13,13,15
15_14,15,14,14,15
15_15,15,15,15,15
15_16,15,16,16,15
15_17,15,17,17,15
15_18,15,18,18,15
15_19,15,19,19,15
15_20,15,20,20,15
15_21,15,21,21,15
15_22,15,22,22,15
15_23,15,23,23,15
15_24,15,24,24,15
15_25,15,25,25,15
15_26,15,26,26,15
15_27,15,27,27,15
15_28,15,28,28,15
15_29,15,29,29,15
15_30,15,30,30,15
15_31,15,31,31,15
15_32,15,32,32,15
15_33,15,33,33,15
15_34,15,34,34,15
15_35,15,35,35,15
15_36,15,36,36,15
15_37,15,37,37,15
15_38,15,38,38,15
15_39,15,39,39,15
15_40,15,40,40,15
15_41,15,41,41,15
15_42,15,42,42,15
15_43,15,43,43,15
15_44,15,44,44,15
15_45,15,45,45,15
15_46,15,46,46,15
15_47,15,47,47,15
15_48,15,48,48,15
15_49,15,49,49,15
15_50,15,50,50,15
15_51,15,51,51,15
15_52,15,52,52,15
15_53,15,53,53,15
15_54,15,54,54,15
15_55,15,55,55,15
15_56,15,56,56,15
15_57,15,57,57,15
15_58,15,58,58,15
15_59,15,59,59,15
15_60,15,60,60,15
15_61,15,61,61,15
15_62,15,62,62,15
15_63,15,63,63,15
15_64,15,64,64,15
15_65,15,65,65,15
15_66,15,66,66,15
15_67,15,67,67,15
15_68,15,68,68,15
15_69,15,69,69,15
15_70,15,70,70,15
15_71,15,71,71,15
15_72,15,72,72,15
15_73,15,73,73,15
15_74,15,74,74,15
15_75,15,75,75,15
15_76,15,76,76,15
15_77,15,77,77,15
15_78,15,78,78,15
16_1,16,1,1,16
16_2,16,2,2,16
16_3,16,3,3,16
16_4,16,4,4,16
16_5,16,5,5,16
16_6,16,6,6,16
16_7,16,7,7,16
16_8,16,8,8,16
16_9,16,9,9,16
16_10,16,10,10,16
16_11,16,11,11,16
16_12,16,12,12,16
16_13,16,13,13,16
16_14,16,14,14,16
16_15,16,15,15,16
16_16,16,16,16,16
16_17,16,17,17,16
16_18,16,18,18,16
16_19,16,19,19,16
16_20,16,20,20,16
16_21,16,21,21,16
16_22,16,22,22,16
16_23,16,23,23,16
16_24,16,24,24,16
16_25,16,25,25,16
16_26,16,26,26,16
16_27,16,27,27,16
16_28,16,28,28,16
16_29,16,29,29,16
16_30,16,30,30,16
16_31,16,31,31,16
16_32,16,32,32,16
16_33,16,33,33,16
16_34,16,34,34,16
16_35,16,35,35,16
16_36,16,36,36,16
16_37,16,37,37,16
16_38,16,38,38,16
16_39,16,39,39,16
16_40,16,40,40,16
16_41,16,41,41,16
16_42,16,42,42,16
16_43,16,43,43,16
16_44,16,44,44,16
16_45,16,45,45,16
16_46,16,46,46,16
16_47,16,47,47,16
16_48,16,48,48,16
16_49,16,49,49,16
16_50,16,50,50,16
16_51,16,51,51,16
16_52,16,52,52,16
16_53,16,53,53,16
16_54,16,54,54,16
16_55,16,55,55,16
16_56,16,56,56,16
16_57,16,57,57,16
16_58,16,58,58,16
16_59,16,59,59,16
16_60,16,60,60,16
16_61,16,61,61,16
16_62,16,62,62,16
16_63,16,63,63,16
16_64,16,64,64,16
16_65,16,65,65,16
16_66,16,66,66,16
16_67,16,67,67,16
16_68,16,68,68,16
16_69,16,69,69,16
16_70,16,70,70,16
16_71,16,71,71,16
16_72,16,72,72,16
16_73,16,73,73,16
16_74,16,74,74,16
16_75,16,75,75,16
16_76,16,76,76,16
16_77,16,77,77,16
16_78,16,78,78,16
17_1,17,1,1,17
17_2,17,2,2,17
17_3,17,3,3,17
17_4,17,4,4,17
17_5,17,5,5,17
17_6,17,6,6,17
17_7,17,7,7,17
17_8,17,8,8,17
17_9,17,9,9,17
17_10,17,10,10,17
17_11,17,11,11,17
17_12,17,12,12,17
17_13,17,13,13,17
17_14,17,14,14,17
17_15,17,15,15,17
17_16,17,16,16,17
17_17,17,17,17,17
17_18,17,18,18,17
17_19,17,19,19,17
17_20,17,20,20,17
17_21,17,21,21,17
17_22,17,22,22,17
17_23,17,23,23,17
17_24,17,24,24,17
17_25,17,25,25,17
17_26,17,26,26,17
17_27,17,27,27,17
17_28,17,28,28,17
17_29,17,29,29,17
17_30,17,30,30,17
17_31,17,31,31,17
17_32,17,32,32,17
17_33,17,33,33,17
17_34,17,34,34,17
17_35,17,35,35,17
17_36,17,36,36,17
17_37,17,37,37,17
17_38,17,38,38,17
17_39,17,39,39,17
17_40,17,40,40,17
17_41,17,41,41,17
17_42,17,42,42,17
17_43,17,43,43,17
17_44,17,44,44,17
17_45,17,45,45,17
17_46,17,46,46,17
17_47,17,47,47,17
17_48,17,48,48,17
17_49,17,49,49,17
17_50,17,50,50,17
17_51,17,51,51,17
17_52,17,52,52,17
17_53,17,53,53,17
17_54,17,54,54,17
17_55,17,55,55,17
17_56,17,56,56,17
17_57,17,57,57,17
17_58,17,58,58,17
17_59,17,59,59,17
17_60,17,60,60,17
17_61,17,61,61,17
17_62,17,62,62,17
17_63,17,63,63,17
17_64,17,64,64,17
17_65,17,65,65,17
17_66,17,66,66,17
17_67,17,67,67,17
17_68,17,68,68,17
17_69,17,69,69,17
17_70,17,70,70,17
17_71,17,71,71,17
17_72,17,72,72,17
17_73,17,73,73,17
17_74,17,74,74,17
17_75,17,75,75,17
17_76,17,76,76,17
17_77,17,77,77,17
17_78,17,78,78,17
18_1,18,1,1,18
18_2,18,2,2,18
18_3,18,3,3,18
18_4,18,4,4,18
18_5,18,5,5,18
18_10,18,10,10,18
18_11,18,11,11,18
18_12,18,12,12,18
18_13,18,13,13,18
18_14,18,14,14,18
18_19,18,19,19,18
18_20,18,20,20,18
18_21,18,21,21,18
18_22,18,22,22,18
18_23,18,23,23,18
18_28,18,28,28,18
18_29,18,29,29,18
18_30,18,30,30,18
18_31,18,31,31,18
18_32,18,32,32,18
18_37,18,37,37,18
18_38,18,38,38,18
18_39,18,39,39,18
18_40,18,40,40,18
18_41,18,41,41,18
18_42,18,42,42,18
18_46,18,46,46,18
18_47,18,47,47,18
18_48,18,48,48,18
18_49,18,49,49,18
18_50,18,50,50,18
18_55,18,55,55,18
18_56,18,56,56,18
18_57,18,57,57,18
18_58,18,58,58,18
18_59,18,59,59,18
18_64,18,64,64,18
18_65,18,65,65,18
18_66,18,66,66,18
18_67,18,67,67,18
18_68,18,68,68,18
18_73,18,73,73,18
18_74,18,74,74,18
18_75,18,75,75,18
18_76,18,76,76,18
18_77,18,77,77,18
18_78,18,78,78,18
19_1,19,1,1,19
19_2,19,2,2,19
19_3,19,3,3,19
19_4,19,4,4,19
19_5,19,5,5,19
19_10,19,10,10,19
19_11,19,11,11,19
19_12,19,12,12,19
19_13,19,13,13,19
19_14,19,14,14,19
19_19,19,19,19,19
19_20,19,20,20,19
19_21,19,21,21,19
19_22,19,22,22,19
19_23,19,23,23,19
19_28,19,28,28,19
19_29,19,29,29,19
19_30,19,30,30,19
19_31,19,31,31,19
19_32,19,32,32,19
19_37,19,37,37,19
19_38,19,38,38,19
19_39,19,39,39,19
19_40,19,40,40,19
19_41,19,41,41,19
19_42,19,42,42,19
19_46,19,46,46,19
19_47,19,47,47,19
19_48,19,48,48,19
19_49,19,49,49,19
19_50,19,50,50,19
19_55,19,55,55,19
19_56,19,56,56,19
19_57,19,57,57,19
19_58,19,58,58,19
19_59,19,59,59,19
19_64,19,64,64,19
19_65,19,65,65,19
19_66,19,66,66,19
19_67,19,67,67,19
19_68,19,68,68,19
19_73,19,73,73,19
19_74,19,74,74,19
19_75,19,75,75,19
19_76,19,76,76,19
19_77,19,77,77,19
19_78,19,78,78,19
20_1,20,1,1,20
20_2,20,2,2,20
20_3,20,3,3,20
20_4,20,4,4,20
20_5,20,5,5,20
20_10,20,10,10,20
20_11,20,11,11,20
20_12,20,12,12,20
20_13,20,13,13,20
20_14,20,14,14,20
20_19,20,19,19,20
20_20,20,20,20,20
20_21,20,21,21,20
20_22,20,22,22,20
20_23,20,23,23,20
20_28,20,28,28,20
20_29,20,29,29,20
20_30,20,30,30,20
20_31,20,31,31,20
20_32,20,32,32,20
20_37,20,37,37,20
20_38,20,38,38,20
20_39,20,39,39,20
20_40,20,40,40,20
20_41,20,41,41,20
20_42,20,42,42,20
20_46,20,46,46,20
20_47,20,47,47,20
20_48,20,48,48,20
20_49,20,49,49,20
20_50,20,50,50,20
20_55,20,55,55,20
20_56,20,56,56,20
20_57,20,57,57,20
20_58,20,58,58,20
20_59,20,59,59,20
20_64,20,64,64,20
20_65,20,65,65,20
20_66,20,66,66,20
20_67,20,67,67,20
20_68,20,68,68,20
20_73,20,73,73,20
20_74,20,74,74,20
20_75,20,75,75,20
20_76,20,76,76,20
20_77,20,77,77,20
20_78,20,78,78,20
21_1,21,1,1,21
21_2,21,2,2,21
21_3,21,3,3,21
21_4,21,4,4,21
21_5,21,5,5,21
21_10,21,10,10,21
21_11,21,11,11,21
21_12,21,12,12,21
21_13,21,13,13,21
21_14,21,14,14,21
21_19,21,19,19,21
21_20,21,20,20,21
21_21,21,21,21,21
21_22,21,22,22,21
21_23,21,23,23,21
21_28,21,28,28,21
21_29,21,29,29,21
21_30,21,30,30,21
21_31,21,31,31,21
21_32,21,32,32,21
21_37,21,37,37,21
21_38,21,38,38,21
21_39,21,39,39,21
21_40,21,40,40,21
21_41,21,41,41,21
21_42,21,42,42,21
21_46,21,46,46,21
21_47,21,47,47,21
21_48,21,48,48,21
21_49,21,49,49,21
21_50,21,50,50,21
21_55,21,55,55,21
21_56,21,56,56,21
21_57,21,57,57,21
21_58,21,58,58,21
21_59,21,59,59,21
21_64,21,64,64,21
21_65,21,65,65,21
21_66,21,66,66,21
21_67,21,67,67,21
21_68,21,68,68,21
21_73,21,73,73,21
21_74,21,74,74,21
21_75,21,75,75,21
21_76,21,76,76,21
21_77,21,77,77,21
21_78,21,78,78,21
22_1,22,1,1,22
22_2,22,2,2,22
22_3,22,3,3,22
22_4,22,4,4,22
22_5,22,5,5,22
22_10,22,10,10,22
22_11,22,11,11,22
22_12,22,12,12,22
22_13,22,13,13,22
22_14,22,14,14,22
22_19,22,19,19,22
22_20,22,20,20,22
22_21,22,21,21,22
22_22,22,22,22,22
22_23,22,23,23,22
22_28,22,28,28,22
22_29,22,29,29,22
22_30,22,30,30,22
22_31,22,31,31,22
22_32,22,32,32,22
22_37,22,37,37,22
22_38,22,38,38,22
22_39,22,39,39,22
22_40,22,40,40,22
22_41,22,41,41,22
22_42,22,42,42,22
22_46,22,46,46,22
22_47,22,47,47,22
22_48,22,48,48,22
22_49,22,49,49,22
22_50,22,50,50,22
22_55,22,55,55,22
22_56,22,56,56,22
22_57,22,57,57,22
22_58,22,58,58,22
22_59,22,59,59,22
22_64,22,64,64,22
22_65,22,65,65,22
22_66,22,66,66,22
22_67,22,67,67,22
22_68,22,68,68,22
22_73,22,73,73,22
22_74,22,74,74,22
22_75,22,75,75,22
22_76,22,76,76,22
22_77,22,77,77,22
22_78,22,78,78,22
23_1,23,1,1,23
23_2,23,2,2,23
23_3,23,3,3,23
23_4,23,4,4,23
23_5,23,5,5,23
23_10,23,10,10,23
23_11,23,11,11,23
23_12,23,12,12,23
23_13,23,13,13,23
23_14,23,14,14,23
23_19,23,19,19,23
23_20,23,20,20,23
23_21,23,21,21,23
23_22,23,22,22,23
23_23,23,23,23,23
23_28,23,28,28,23
23_29,23,29,29,23
23_30,23,30,30,23
23_31,23,31,31,23
23_32,23,32,32,23
23_37,23,37,37,23
23_38,23,38,38,23
23_39,23,39,39,23
23_40,23,40,40,23
23_41,23,41,41,23
23_42,23,42,42,23
23_46,23,46,46,23
23_47,23,47,47,23
23_48,23,48,48,23
23_49,23,49,49,23
23_50,23,50,50,23
23_55,23,55,55,23
23_56,23,56,56,23
23_57,23,57,57,23
23_58,23,58,58,23
23_59,23,59,59,23
23_64,23,64,64,23
23_65,23,65,65,23
23_66,23,66,66,23
23_67,23,67,67,23
23_68,23,68,68,23
23_73,23,73,73,23
23_74,23,74,74,23
23_75,23,75,75,23
23_76,23,76,76,23
23_77,23,77,77,23
23_78,23,78,78,23
24_1,24,1,1,24
24_2,24,2,2,24
24_3,24,3,3,24
24_4,24,4,4,24
24_5,24,5,5,24
24_10,24,10,10,24
24_11,24,11,11,24
24_12,24,12,12,24
24_13,24,13,13,24
24_14,24,14,14,24
24_19,24,19,19,24
24_20,24,20,20,24
24_21,24,21,21,24
24_22,24,22,22,24
24_23,24,23,23,24
24_28,24,28,28,24
24_29,24,29,29,24
24_30,24,30,30,24
24_31,24,31,31,24
24_32,24,32,32,24
24_37,24,37,37,24
24_38,24,38,38,24
24_39,24,39,39,24
24_40,24,40,40,24
24_41,24,41,41,24
24_42,24,42,42,24
24_46,24,46,46,24
24_47,24,47,47,24
24_48,24,48,48,24
24_49,24,49,49,24
24_50,24,50,50,24
24_55,24,55,55,24
24_56,24,56,56,24
24_57,24,57,57,24
24_58,24,58,58,24
24_59,24,59,59,24
24_64,24,64,64,24
24_65,24,65,65,24
24_66,24,66,66,24
24_67,24,67,67,24
24_68,24,68,68,24
24_73,24,73,73,24
24_74,24,74,74,24
24_75,24,75,75,24
24_76,24,76,76,24
24_77,24,77,77,24
24_78,24,78,78,24
25_1,25,1,1,25
25_2,25,2,2,25
25_3,25,3,3,25
25_4,25,4,4,25
25_5,25,5,5,25
25_10,25,10,10,25
25_11,25,11,11,25
25_12,25,12,12,25
25_13,25,13,13,25
25_14,25,14,14,25
25_19,25,19,19,25
25_20,25,20,20,25
25_21,25,21,21,25
25_22,25,22,22,25
25_23,25,23,23,25
25_28,25,28,28,25
25_29,25,29,29,25
25_30,25,30,30,25
25_31,25,31,31,25
25_32,25,32,32,25
25_37,25,37,37,25
25_38,25,38,38,25
25_39,25,39,39,25
25_40,25,40,40,25
25_41,25,41,41,25
25_42,25,42,42,25
25_46,25,46,46,25
25_47,25,47,47,25
25_48,25,48,48,25
25_55,25,55,55,25
25_56,25,56,56,25
25_57,25,57,57,25
25_58,25,58,58,25
25_59,25,59,59,25
25_64,25,64,64,25
25_65,25,65,65,25
25_66,25,66,66,25
25_67,25,67,67,25
25_68,25,68,68,25
25_73,25,73,73,25
25_74,25,74,74,25
25_75,25,75,75,25
25_76,25,76,76,25
25_77,25,77,77,25
25_78,25,78,78,25
26_1,26,1,1,26
26_2,26,2,2,26
26_3,26,3,3,26
26_4,26,4,4,26
26_5,26,5,5,26
26_6,26,6,6,26
26_7,26,7,7,26
26_8,26,8,8,26
26_9,26,9,9,26
26_10,26,10,10,26
26_11,26,11,11,26
26_12,26,12,12,26
26_13,26,13,13,26
26_14,26,14,14,26
26_15,26,15,15,26
26_16,26,16,16,26
26_17,26,17,17,26
26_18,26,18,18,26
26_19,26,19,19,26
26_20,26,20,20,26
26_21,26,21,21,26
26_22,26,22,22,26
26_23,26,23,23,26
26_24,26,24,24,26
26_25,26,25,25,26
26_26,26,26,26,26
26_27,26,27,27,26
26_28,26,28,28,26
26_29,26,29,29,26
26_30,26,30,30,26
26_31,26,31,31,26
26_32,26,32,32,26
26_33,26,33,33,26
26_34,26,34,34,26
26_35,26,35,35,26
26_36,26,36,36,26
26_37,26,37,37,26
26_38,26,38,38,26
26_39,26,39,39,26
26_40,26,40,40,26
26_41,26,41,41,26
26_42,26,42,42,26
26_43,26,43,43,26
26_44,26,44,44,26
26_45,26,45,45,26
26_46,26,46,46,26
26_47,26,47,47,26
26_48,26,48,48,26
26_51,26,51,51,26
26_52,26,52,52,26
26_53,26,53,53,26
26_54,26,54,54,26
26_55,26,55,55,26
26_56,26,56,56,26
26_57,26,57,57,26
26_58,26,58,58,26
26_59,26,59,59,26
26_60,26,60,60,26
26_61,26,61,61,26
26_62,26,62,62,26
26_63,26,63,63,26
26_64,26,64,64,26
26_65,26,65,65,26
26_66,26,66,66,26
26_67,26,67,67,26
26_68,26,68,68,26
26_69,26,69,69,26
26_70,26,70,70,26
26_71,26,71,71,26
26_72,26,72,72,26
26_73,26,73,73,26
26_74,26,74,74,26
26_75,26,75,75,26
26_76,26,76,76,26
26_77,26,77,77,26
26_78,26,78,78,26
27_1,27,1,1,27
27_2,27,2,2,27
27_3,27,3,3,27
27_4,27,4,4,27
27_5,27,5,5,27
27_6,27,6,6,27
27_7,27,7,7,27
27_8,27,8,8,27
27_9,27,9,9,27
27_10,27,10,10,27
27_11,27,11,11,27
27_12,27,12,12,27
27_13,27,13,13,27
27_14,27,14,14,27
27_15,27,15,15,27
27_16,27,16,16,27
27_17,27,17,17,27
27_18,27,18,18,27
27_19,27,19,19,27
27_20,27,20,20,27
27_21,27,21,21,27
27_22,27,22,22,27
27_23,27,23,23,27
27_24,27,24,24,27
27_25,27,25,25,27
27_26,27,26,26,27
27_27,27,27,27,27
27_28,27,28,28,27
27_29,27,29,29,27
27_30,27,30,30,27
27_31,27,31,31,27
27_32,27,32,32,27
27_33,27,33,33,27
27_34,27,34,34,27
27_35,27,35,35,27
27_36,27,36,36,27
27_37,27,37,37,27
27_38,27,38,38,27
27_39,27,39,39,27
27_40,27,40,40,27
27_41,27,41,41,27
27_42,27,42,42,27
27_43,27,43,43,27
27_44,27,44,44,27
27_45,27,45,45,27
27_46,27,46,46,27
27_47,27,47,47,27
27_48,27,48,48,27
27_49,27,49,49,27
27_50,27,50,50,27
27_51,27,51,51,27
27_52,27,52,52,27
27_53,27,53,53,27
27_54,27,54,54,27
27_55,27,55,55,27
27_56,27,56,56,27
27_57,27,57,57,27
27_58,27,58,58,27
27_59,27,59,59,27
27_60,27,60,60,27
27_61,27,61,61,27
27_62,27,62,62,27
27_63,27,63,63,27
27_64,27,64,64,27
27_65,27,65,65,27
27_66,27,66,66,27
27_67,27,67,67,27
27_68,27,68,68,27
27_69,27,69,69,27
27_70,27,70,70,27
27_71,27,71,71,27
27_72,27,72,72,27
27_73,27,73,73,27
27_74,27,74,74,27
27_75,27,75,75,27
27_76,27,76,76,27
27_77,27,77,77,27
27_78,27,78,78,27
28_1,28,1,1,28
28_2,28,2,2,28
28_3,28,3,3,28
28_4,28,4,4,28
28_5,28,5,5,28
28_6,28,6,6,28
28_7,28,7,7,28
28_8,28,8,8,28
28_9,28,9,9,28
28_10,28,10,10,28
28_11,28,11,11,28
28_12,28,12,12,28
28_13,28,13,13,28
28_14,28,14,14,28
28_15,28,15,15,28
28_16,28,16,16,28
28_17,28,17,17,28
28_18,28,18,18,28
28_19,28,19,19,28
28_20,28,20,20,28
28_21,28,21,21,28
28_22,28,22,22,28
28_23,28,23,23,28
28_24,28,24,24,28
28_25,28,25,25,28
28_26,28,26,26,28
28_27,28,27,27,28
28_28,28,28,28,28
28_29,28,29,29,28
28_30,28,30,30,28
28_31,28,31,31,28
28_32,28,32,32,28
28_33,28,33,33,28
28_34,28,34,34,28
28_35,28,35,35,28
28_36,28,36,36,28
28_37,28,37,37,28
28_38,28,38,38,28
28_39,28,39,39,28
28_40,28,40,40,28
28_41,28,41,41,28
28_42,28,42,42,28
28_43,28,43,43,28
28_44,28,44,44,28
28_45,28,45,45,28
28_46,28,46,46,28
28_47,28,47,47,28
28_48,28,48,48,28
28_49,28,49,49,28
28_50,28,50,50,28
28_51,28,51,51,28
28_52,28,52,52,28
28_53,28,53,53,28
28_54,28,54,54,28
28_55,28,55,55,28
28_56,28,56,56,28
28_57,28,57,57,28
28_58,28,58,58,28
28_59,28,59,59,28
28_60,28,60,60,28
28_61,28,61,61,28
28_62,28,62,62,28
28_63,28,63,63,28
28_64,28,64,64,28
28_65,28,65,65,28
28_66,28,66,66,28
28_67,28,67,67,28
28_68,28,68,68,28
28_69,28,69,69,28
28_70,28,70,70,28
28_71,28,71,71,28
28_72,28,72,72,28
28_73,28,73,73,28
28_74,28,74,74,28
28_75,28,75,75,28
28_76,28,76,76,28
28_77,28,77,77,28
28_78,28,78,78,28
29_1,29,1,1,29
29_2,29,2,2,29
29_3,29,3,3,29
29_4,29,4,4,29
29_5,29,5,5,29
29_6,29,6,6,29
29_7,29,7,7,29
29_8,29,8,8,29
29_9,29,9,9,29
29_10,29,10,10,29
29_11,29,11,11,29
29_12,29,12,12,29
29_13,29,13,13,29
29_14,29,14,14,29
29_15,29,15,15,29
29_16,29,16,16,29
29_17,29,17,17,29
29_18,29,18,18,29
29_19,29,19,19,29
29_20,29,20,20,29
29_21,29,21,21,29
29_22,29,22,22,29
29_23,29,23,23,29
29_24,29,24,24,29
29_25,29,25,25,29
29_26,29,26,26,29
29_27,29,27,27,29
29_28,29,28,28,29
29_29,29,29,29,29
29_30,29,30,30,29
29_31,29,31,31,29
29_32,29,32,32,29
29_33,29,33,33,29
29_34,29,34,34,29
29_35,29,35,35,29
29_36,29,36,36,29
29_37,29,37,37,29
29_38,29,38,38,29
29_39,29,39,39,29
29_40,29,40,40,29
29_41,29,41,41,29
29_42,29,42,42,29
29_43,29,43,43,29
29_44,29,44,44,29
29_45,29,45,45,29
29_46,29,46,46,29
29_47,29,47,47,29
29_48,29,48,48,29
29_49,29,49,49,29
29_50,29,50,50,29
29_51,29,51,51,29
29_52,29,52,52,29
29_53,29,53,53,29
29_54,29,54,54,29
29_55,29,55,55,29
29_56,29,56,56,29
29_57,29,57,57,29
29_58,29,58,58,29
29_59,29,59,59,29
29_60,29,60,60,29
29_61,29,61,61,29
29_62,29,62,62,29
29_63,29,63,63,29
29_64,29,64,64,29
29_65,29,65,65,29
29_66,29,66,66,29
29_67,29,67,67,29
29_68,29,68,68,29
29_69,29,69,69,29
29_70,29,70,70,29
29_71,29,71,71,29
29_72,29,72,72,29
29_73,29,73,73,29
29_74,29,74,74,29
29_75,29,75,75,29
29_76,29,76,76,29
29_77,29,77,77,29
29_78,29,78,78,29
30_1,30,1,1,30
30_2,30,2,2,30
30_3,30,3,3,30
30_4,30,4,4,30
30_5,30,5,5,30
30_6,30,6,6,30
30_7,30,7,7,30
30_8,30,8,8,30
30_9,30,9,9,30
30_10,30,10,10,30
30_11,30,11,11,30
30_12,30,12,12,30
30_13,30,13,13,30
30_14,30,14,14,30
30_15,30,15,15,30
30_16,30,16,16,30
30_17,30,17,17,30
30_18,30,18,18,30
30_19,30,19,19,30
30_20,30,20,20,30
30_21,30,21,21,30
30_22,30,22,22,30
30_23,30,23,23,30
30_24,30,24,24,30
30_25,30,25,25,30
30_26,30,26,26,30
30_27,30,27,27,30
30_28,30,28,28,30
30_29,30,29,29,30
30_30,30,30,30,30
30_31,30,31,31,30
30_32,30,32,32,30
30_33,30,33,33,30
30_34,30,34,34,30
30_35,30,35,35,30
30_36,30,36,36,30
30_37,30,37,37,30
30_38,30,38,38,30
30_39,30,39,39,30
30_40,30,40,40,30
30_41,30,41,41,30
30_42,30,42,42,30
30_43,30,43,43,30
30_44,30,44,44,30
30_45,30,45,45,30
30_46,30,46,46,30
30_47,30,47,47,30
30_48,30,48,48,30
30_49,30,49,49,30
30_50,30,50,50,30
30_51,30,51,51,30
30_52,30,52,52,30
30_53,30,53,53,30
30_54,30,54,54,30
30_55,30,55,55,30
30_56,30,56,56,30
30_57,30,57,57,30
30_58,30,58,58,30
30_59,30,59,59,30
30_60,30,60,60,30
30_61,30,61,61,30
30_62,30,62,62,30
30_63,30,63,63,30
30_64,30,64,64,30
30_65,30,65,65,30
30_66,30,66,66,30
30_67,30,67,67,30
30_68,30,68,68,30
30_69,30,69,69,30
30_70,30,70,70,30
30_71,30,71,71,30
30_72,30,72,72,30
30_73,30,73,73,30
30_74,30,74,74,30
30_75,30,75,75,30
30_76,30,76,76,30
30_77,30,77,77,30
30_78,30,78,78,30
31_1,31,1,1,31
31_2,31,2,2,31
31_3,31,3,3,31
31_4,31,4,4,31
31_5,31,5,5,31
31_6,31,6,6,31
31_7,31,7,7,31
31_8,31,8,8,31
31_9,31,9,9,31
31_10,31,10,10,31
31_11,31,11,11,31
31_12,31,12,12,31
31_13,31,13,13,31
31_14,31,14,14,31
31_15,31,15,15,31
31_16,31,16,16,31
31_17,31,17,17,31
31_18,31,18,18,31
31_19,31,19,19,31
31_20,31,20,20,31
31_21,31,21,21,31
31_22,31,22,22,31
31_23,31,23,23,31
31_24,31,24,24,31
31_25,31,25,25,31
31_26,31,26,26,31
31_27,31,27,27,31
31_28,31,28,28,31
31_29,31,29,29,31
31_30,31,30,30,31
31_31,31,31,31,31
31_32,31,32,32,31
31_33,31,33,33,31
31_34,31,34,34,31
31_35,31,35,35,31
31_36,31,36,36,31
31_37,31,37,37,31
31_38,31,38,38,31
31_39,31,39,39,31
31_40,31,40,40,31
31_41,31,41,41,31
31_42,31,42,42,31
31_43,31,43,43,31
31_44,31,44,44,31
31_45,31,45,45,31
31_46,31,46,46,31
31_47,31,47,47,31
31_48,31,48,48,31
31_49,31,49,49,31
31_50,31,50,50,31
31_51,31,51,51,31
31_52,31,52,52,31
31_53,31,53,53,31
31_54,31,54,54,31
31_55,31,55,55,31
31_56,31,56,56,31
31_57,31,57,57,31
31_58,31,58,58,31
31_59,31,59,59,31
31_60,31,60,60,31
31_61,31,61,61,31
31_62,31,62,62,31
31_63,31,63,63,31
31_64,31,64,64,31
31_65,31,65,65,31
31_66,31,66,66,31
31_67,31,67,67,31
31_68,31,68,68,31
31_69,31,69,69,31
31_70,31,70,70,31
31_71,31,71,71,31
31_72,31,72,72,31
31_73,31,73,73,31
31_74,31,74,74,31
31_75,31,75,75,31
31_76,31,76,76,31
31_77,31,77,77,31
31_78,31,78,78,31
32_1,32,1,1,32
32_2,32,2,2,32
32_3,32,3,3,32
32_4,32,4,4,32
32_5,32,5,5,32
32_6,32,6,6,32
32_7,32,7,7,32
32_8,32,8,8,32
32_9,32,9,9,32
32_10,32,10,10,32
32_11,32,11,11,32
32_12,32,12,12,32
32_13,32,13,13,32
32_14,32,14,14,32
32_15,32,15,15,32
32_16,32,16,16,32
32_17,32,17,17,32
32_18,32,18,18,32
32_19,32,19,19,32
32_20,32,20,20,32
32_21,32,21,21,32
32_22,32,22,22,32
32_23,32,23,23,32
32_24,32,24,24,32
32_25,32,25,25,32
32_26,32,26,26,32
32_27,32,27,27,32
32_28,32,28,28,32
32_29,32,29,29,32
32_30,32,30,30,32
32_31,32,31,31,32
32_32,32,32,32,32
32_33,32,33,33,32
32_34,32,34,34,32
32_35,32,35,35,32
32_36,32,36,36,32
32_37,32,37,37,32
32_38,32,38,38,32
32_39,32,39,39,32
32_40,32,40,40,32
32_41,32,41,41,32
32_42,32,42,42,32
32_43,32,43,43,32
32_44,32,44,44,32
32_45,32,45,45,32
32_46,32,46,46,32
32_47,32,47,47,32
32_48,32,48,48,32
32_49,32,49,49,32
32_50,32,50,50,32
32_51,32,51,51,32
32_52,32,52,52,32
32_53,32,53,53,32
32_54,32,54,54,32
32_55,32,55,55,32
32_56,32,56,56,32
32_57,32,57,57,32
32_58,32,58,58,32
32_59,32,59,59,32
32_60,32,60,60,32
32_61,32,61,61,32
32_62,32,62,62,32
32_63,32,63,63,32
32_64,32,64,64,32
32_65,32,65,65,32
32_66,32,66,66,32
32_67,32,67,67,32
32_68,32,68,68,32
32_69,32,69,69,32
32_70,32,70,70,32
32_71,32,71,71,32
32_72,32,72,72,32
32_73,32,73,73,32
32_74,32,74,74,32
32_75,32,75,75,32
32_76,32,76,76,32
32_77,32,77,77,32
32_78,32,78,78,32
33_1,33,1,1,33
33_2,33,2,2,33
33_3,33,3,3,33
33_4,33,4,4,33
33_5,33,5,5,33
33_10,33,10,10,33
33_11,33,11,11,33
33_12,33,12,12,33
33_13,33,13,13,33
33_14,33,14,14,33
33_19,33,19,19,33
33_20,33,20,20,33
33_21,33,21,21,33
33_22,33,22,22,33
33_23,33,23,23,33
33_28,33,28,28,33
33_29,33,29,29,33
33_30,33,30,30,33
33_31,33,31,31,33
33_32,33,32,32,33
33_37,33,37,37,33
33_38,33,38,38,33
33_39,33,39,39,33
33_40,33,40,40,33
33_41,33,41,41,33
33_42,33,42,42,33
33_46,33,46,46,33
33_47,33,47,47,33
33_48,33,48,48,33
33_49,33,49,49,33
33_50,33,50,50,33
33_55,33,55,55,33
33_56,33,56,56,33
33_57,33,57,57,33
33_58,33,58,58,33
33_59,33,59,59,33
33_64,33,64,64,33
33_65,33,65,65,33
33_66,33,66,66,33
33_67,33,67,67,33
33_68,33,68,68,33
33_73,33,73,73,33
33_74,33,74,74,33
33_75,33,75,75,33
33_76,33,76,76,33
33_77,33,77,77,33
33_78,33,78,78,33
34_1,34,1,1,34
34_2,34,2,2,34
34_3,34,3,3,34
34_4,34,4,4,34
34_5,34,5,5,34
34_10,34,10,10,34
34_11,34,11,11,34
34_12,34,12,12,34
34_13,34,13,13,34
34_14,34,14,14,34
34_19,34,19,19,34
34_20,34,20,20,34
34_21,34,21,21,34
34_22,34,22,22,34
34_23,34,23,23,34
34_28,34,28,28,34
34_29,34,29,29,34
34_30,34,30,30,34
34_31,34,31,31,34
34_32,34,32,32,34
34_37,34,37,37,34
34_38,34,38,38,34
34_39,34,39,39,34
34_40,34,40,40,34
34_41,34,41,41,34
34_42,34,42,42,34
34_46,34,46,46,34
34_47,34,47,47,34
34_48,34,48,48,34
34_49,34,49,49,34
34_50,34,50,50,34
34_55,34,55,55,34
34_56,34,56,56,34
34_57,34,57,57,34
34_58,34,58,58,34
34_59,34,59,59,34
34_64,34,64,64,34
34_65,34,65,65,34
34_66,34,66,66,34
34_67,34,67,67,34
34_68,34,68,68,34
34_73,34,73,73,34
34_74,34,74,74,34
34_75,34,75,75,34
34_76,34,76,76,34
34_77,34,77,77,34
34_78,34,78,78,34
35_1,35,1,1,35
35_2,35,2,2,35
35_3,35,3,3,35
35_4,35,4,4,35
35_5,35,5,5,35
35_10,35,10,10,35
35_11,35,11,11,35
35_12,35,12,12,35
35_13,35,13,13,35
35_14,35,14,14,35
35_19,35,19,19,35
35_20,35,20,20,35
35_21,35,21,21,35
35_22,35,22,22,35
35_23,35,23,23,35
35_28,35,28,28,35
35_29,35,29,29,35
35_30,35,30,30,35
35_31,35,31,31,35
35_32,35,32,32,35
35_37,35,37,37,35
35_38,35,38,38,35
35_39,35,39,39,35
35_40,35,40,40,35
35_41,35,41,41,35
35_42,35,42,42,35
35_46,35,46,46,35
35_47,35,47,47,35
35_48,35,48,48,35
35_49,35,49,49,35
35_50,35,50,50,35
35_55,35,55,55,35
35_56,35,56,56,35
35_57,35,57,57,35
35_58,35,58,58,35
35_59,35,59,59,35
35_64,35,64,64,35
35_65,35,65,65,35
35_66,35,66,66,35
35_67,35,67,67,35
35_68,35,68,68,35
35_73,35,73,73,35
35_74,35,74,74,35
35_75,35,75,75,35
35_76,35,76,76,35
35_77,35,77,77,35
35_78,35,78,78,35
36_1,36,1,1,36
36_2,36,2,2,36
36_3,36,3,3,36
36_4,36,4,4,36
36_5,36,5,5,36
36_10,36,10,10,36
36_11,36,11,11,36
36_12,36,12,12,36
36_13,36,13,13,36
36_14,36,14,14,36
36_19,36,19,19,36
36_20,36,20,20,36
36_21,36,21,21,36
36_22,36,22,22,36
36_23,36,23,23,36
36_28,36,28,28,36
36_29,36,29,29,36
36_30,36,30,30,36
36_31,36,31,31,36
36_32,36,32,32,36
36_37,36,37,37,36
36_38,36,38,38,36
36_39,36,39,39,36
36_40,36,40,40,36
36_41,36,41,41,36
36_42,36,42,42,36
36_46,36,46,46,36
36_47,36,47,47,36
36_48,36,48,48,36
36_49,36,49,49,36
36_50,36,50,50,36
36_55,36,55,55,36
36_56,36,56,56,36
36_57,36,57,57,36
36_58,36,58,58,36
36_59,36,59,59,36
36_64,36,64,64,36
36_65,36,65,65,36
36_66,36,66,66,36
36_67,36,67,67,36
36_68,36,68,68,36
36_73,36,73,73,36
36_74,36,74,74,36
36_75,36,75,75,36
36_76,36,76,76,36
36_77,36,77,77,36
36_78,36,78,78,36
37_1,37,1,1,37
37_2,37,2,2,37
37_3,37,3,3,37
37_4,37,4,4,37
37_5,37,5,5,37
37_10,37,10,10,37
37_11,37,11,11,37
37_12,37,12,12,37
37_13,37,13,13,37
37_14,37,14,14,37
37_19,37,19,19,37
37_20,37,20,20,37
37_21,37,21,21,37
37_22,37,22,22,37
37_23,37,23,23,37
37_28,37,28,28,37
37_29,37,29,29,37
37_30,37,30,30,37
37_31,37,31,31,37
37_32,37,32,32,37
37_37,37,37,37,37
37_38,37,38,38,37
37_39,37,39,39,37
37_40,37,40,40,37
37_41,37,41,41,37
37_42,37,42,42,37
37_46,37,46,46,37
37_47,37,47,47,37
37_48,37,48,48,37
37_49,37,49,49,37
37_50,37,50,50,37
37_55,37,55,55,37
37_56,37,56,56,37
37_57,37,57,57,37
37_58,37,58,58,37
37_59,37,59,59,37
37_64,37,64,64,37
37_65,37,65,65,37
37_66,37,66,66,37
37_67,37,67,67,37
37_68,37,68,68,37
37_73,37,73,73,37
37_74,37,74,74,37
37_75,37,75,75,37
37_76,37,76,76,37
37_77,37,77,77,37
37_78,37,78,78,37
38_1,38,1,1,38
38_2,38,2,2,38
38_3,38,3,3,38
38_4,38,4,4,38
38_5,38,5,5,38
38_11,38,11,11,38
38_12,38,12,12,38
38_13,38,13,13,38
38_14,38,14,14,38
38_19,38,19,19,38
38_20,38,20,20,38
38_21,38,21,21,38
38_22,38,22,22,38
38_23,38,23,23,38
38_28,38,28,28,38
38_29,38,29,29,38
38_30,38,30,30,38
38_31,38,31,31,38
38_32,38,32,32,38
38_37,38,37,37,38
38_38,38,38,38,38
38_39,38,39,39,38
38_40,38,40,40,38
38_41,38,41,41,38
38_42,38,42,42,38
38_46,38,46,46,38
38_47,38,47,47,38
38_48,38,48,48,38
38_49,38,49,49,38
38_50,38,50,50,38
38_55,38,55,55,38
38_56,38,56,56,38
38_57,38,57,57,38
38_58,38,58,58,38
38_59,38,59,59,38
38_64,38,64,64,38
38_65,38,65,65,38
38_66,38,66,66,38
38_67,38,67,67,38
38_68,38,68,68,38
38_73,38,73,73,38
38_74,38,74,74,38
38_75,38,75,75,38
38_76,38,76,76,38
38_77,38,77,77,38
38_78,38,78,78,38
39_1,39,1,1,39
39_2,39,2,2,39
39_3,39,3,3,39
39_4,39,4,4,39
39_5,39,5,5,39
39_6,39,6,6,39
39_7,39,7,7,39
39_8,39,8,8,39
39_11,39,11,11,39
39_12,39,12,12,39
39_13,39,13,13,39
39_14,39,14,14,39
39_15,39,15,15,39
39_16,39,16,16,39
39_17,39,17,17,39
39_18,39,18,18,39
39_19,39,19,19,39
39_20,39,20,20,39
39_21,39,21,21,39
39_22,39,22,22,39
39_23,39,23,23,39
39_24,39,24,24,39
39_25,39,25,25,39
39_26,39,26,26,39
39_27,39,27,27,39
39_28,39,28,28,39
39_29,39,29,29,39
39_30,39,30,30,39
39_31,39,31,31,39
39_32,39,32,32,39
39_33,39,33,33,39
39_34,39,34,34,39
39_35,39,35,35,39
39_36,39,36,36,39
39_37,39,37,37,39
39_38,39,38,38,39
39_39,39,39,39,39
39_40,39,40,40,39
39_41,39,41,41,39
39_42,39,42,42,39
39_43,39,43,43,39
39_44,39,44,44,39
39_45,39,45,45,39
39_46,39,46,46,39
39_47,39,47,47,39
39_48,39,48,48,39
39_49,39,49,49,39
39_50,39,50,50,39
39_51,39,51,51,39
39_52,39,52,52,39
39_53,39,53,53,39
39_54,39,54,54,39
39_55,39,55,55,39
39_56,39,56,56,39
39_57,39,57,57,39
39_58,39,58,58,39
39_59,39,59,59,39
39_60,39,60,60,39
39_61,39,61,61,39
39_62,39,62,62,39
39_63,39,63,63,39
39_64,39,64,64,39
39_65,39,65,65,39
39_66,39,66,66,39
39_67,39,67,67,39
39_68,39,68,68,39
39_69,39,69,69,39
39_70,39,70,70,39
39_71,39,71,71,39
39_72,39,72,72,39
39_73,39,73,73,39
39_74,39,74,74,39
39_75,39,75,75,39
39_76,39,76,76,39
39_77,39,77,77,39
39_78,39,78,78,39
40_1,40,1,1,40
40_2,40,2,2,40
40_3,40,3,3,40
40_4,40,4,4,40
40_5,40,5,5,40
40_6,40,6,6,40
40_7,40,7,7,40
40_8,40,8,8,40
40_9,40,9,9,40
40_10,40,10,10,40
40_11,40,11,11,40
40_12,40,12,12,40
40_13,40,13,13,40
40_14,40,14,14,40
40_15,40,15,15,40
40_16,40,16,16,40
40_17,40,17,17,40
40_18,40,18,18,40
40_19,40,19,19,40
40_20,40,20,20,40
40_21,40,21,21,40
40_22,40,22,22,40
40_23,40,23,23,40
40_24,40,24,24,40
40_25,40,25,25,40
40_26,40,26,26,40
40_27,40,27,27,40
40_28,40,28,28,40
40_29,40,29,29,40
40_30,40,30,30,40
40_31,40,31,31,40
40_32,40,32,32,40
40_33,40,33,33,40
40_34,40,34,34,40
40_35,40,35,35,40
40_36,40,36,36,40
40_37,40,37,37,40
40_38,40,38,38,40
40_39,40,39,39,40
40_40,40,40,40,40
40_41,40,41,41,40
40_42,40,42,42,40
40_43,40,43,43,40
40_44,40,44,44,40
40_45,40,45,45,40
40_46,40,46,46,40
40_47,40,47,47,40
40_48,40,48,48,40
40_49,40,49,49,40
40_50,40,50,50,40
40_51,40,51,51,40
40_52,40,52,52,40
40_53,40,53,53,40
40_54,40,54,54,40
40_55,40,55,55,40
40_56,40,56,56,40
40_57,40,57,57,40
40_58,40,58,58,40
40_59,40,59,59,40
40_60,40,60,60,40
40_61,40,61,61,40
40_62,40,62,62,40
40_63,40,63,63,40
40_64,40,64,64,40
40_65,40,65,65,40
40_66,40,66,66,40
40_67,40,67,67,40
40_68,40,68,68,40
40_69,40,69,69,40
40_70,40,70,70,40
40_71,40,71,71,40
40_72,40,72,72,40
40_73,40,73,73,40
40_74,40,74,74,40
40_75,40,75,75,40
40_76,40,76,76,40
40_77,40,77,77,40
40_78,40,78,78,40
41_1,41,1,1,41
41_2,41,2,2,41
41_3,41,3,3,41
41_4,41,4,4,41
41_5,41,5,5,41
41_6,41,6,6,41
41_7,41,7,7,41
41_8,41,8,8,41
41_9,41,9,9,41
41_10,41,10,10,41
41_11,41,11,11,41
41_12,41,12,12,41
41_13,41,13,13,41
41_14,41,14,14,41
41_15,41,15,15,41
41_16,41,16,16,41
41_17,41,17,17,41
41_18,41,18,18,41
41_19,41,19,19,41
41_20,41,20,20,41
41_21,41,21,21,41
41_22,41,22,22,41
41_23,41,23,23,41
41_24,41,24,24,41
41_25,41,25,25,41
41_26,41,26,26,41
41_27,41,27,27,41
41_28,41,28,28,41
41_29,41,29,29,41
41_30,41,30,30,41
41_31,41,31,31,41
41_32,41,32,32,41
41_33,41,33,33,41
41_34,41,34,34,41
41_35,41,35,35,41
41_36,41,36,36,41
41_37,41,37,37,41
41_38,41,38,38,41
41_39,41,39,39,41
41_40,41,40,40,41
41_41,41,41,41,41
41_42,41,42,42,41
41_43,41,43,43,41
41_44,41,44,44,41
41_45,41,45,45,41
41_46,41,46,46,41
41_47,41,47,47,41
41_48,41,48,48,41
41_49,41,49,49,41
41_50,41,50,50,41
41_51,41,51,51,41
41_52,41,52,52,41
41_53,41,53,53,41
41_54,41,54,54,41
41_57,41,57,57,41
41_58,41,58,58,41
41_59,41,59,59,41
41_60,41,60,60,41
41_61,41,61,61,41
41_62,41,62,62,41
41_63,41,63,63,41
41_64,41,64,64,41
41_65,41,65,65,41
41_66,41,66,66,41
41_67,41,67,67,41
41_68,41,68,68,41
41_69,41,69,69,41
41_70,41,70,70,41
41_71,41,71,71,41
41_72,41,72,72,41
41_73,41,73,73,41
41_74,41,74,74,41
41_75,41,75,75,41
41_76,41,76,76,41
41_77,41,77,77,41
41_78,41,78,78,41
42_1,42,1,1,42
42_2,42,2,2,42
42_3,42,3,3,42
42_4,42,4,4,42
42_5,42,5,5,42
42_6,42,6,6,42
42_7,42,7,7,42
42_8,42,8,8,42
42_11,42,11,11,42
42_12,42,12,12,42
42_13,42,13,13,42
42_14,42,14,14,42
42_15,42,15,15,42
42_16,42,16,16,42
42_17,42,17,17,42
42_18,42,18,18,42
42_19,42,19,19,42
42_20,42,20,20,42
42_21,42,21,21,42
42_22,42,22,22,42
42_23,42,23,23,42
42_24,42,24,24,42
42_25,42,25,25,42
42_26,42,26,26,42
42_27,42,27,27,42
42_28,42,28,28,42
42_29,42,29,29,42
42_30,42,30,30,42
42_31,42,31,31,42
42_32,42,32,32,42
42_33,42,33,33,42
42_34,42,34,34,42
42_35,42,35,35,42
42_36,42,36,36,42
42_37,42,37,37,42
42_38,42,38,38,42
42_39,42,39,39,42
42_40,42,40,40,42
42_41,42,41,41,42
42_42,42,42,42,42
42_43,42,43,43,42
42_44,42,44,44,42
42_45,42,45,45,42
42_46,42,46,46,42
42_47,42,47,47,42
42_48,42,48,48,42
42_49,42,49,49,42
42_50,42,50,50,42
42_51,42,51,51,42
42_52,42,52,52,42
42_53,42,53,53,42
42_54,42,54,54,42
42_57,42,57,57,42
42_58,42,58,58,42
42_59,42,59,59,42
42_60,42,60,60,42
42_61,42,61,61,42
42_62,42,62,62,42
42_63,42,63,63,42
42_64,42,64,64,42
42_65,42,65,65,42
42_66,42,66,66,42
42_67,42,67,67,42
42_68,42,68,68,42
42_69,42,69,69,42
42_70,42,70,70,42
42_71,42,71,71,42
42_72,42,72,72,42
42_73,42,73,73,42
42_74,42,74,74,42
42_75,42,75,75,42
42_76,42,76,76,42
42_77,42,77,77,42
42_78,42,78,78,42
43_1,43,1,1,43
43_2,43,2,2,43
43_3,43,3,3,43
43_4,43,4,4,43
43_5,43,5,5,43
43_6,43,6,6,43
43_7,43,7,7,43
43_8,43,8,8,43
43_11,43,11,11,43
43_12,43,12,12,43
43_13,43,13,13,43
43_14,43,14,14,43
43_15,43,15,15,43
43_16,43,16,16,43
43_17,43,17,17,43
43_18,43,18,18,43
43_19,43,19,19,43
43_20,43,20,20,43
43_21,43,21,21,43
43_22,43,22,22,43
43_23,43,23,23,43
43_24,43,24,24,43
43_25,43,25,25,43
43_26,43,26,26,43
43_27,43,27,27,43
43_28,43,28,28,43
43_29,43,29,29,43
43_30,43,30,30,43
43_31,43,31,31,43
43_32,43,32,32,43
43_33,43,33,33,43
43_34,43,34,34,43
43_35,43,35,35,43
43_36,43,36,36,43
43_37,43,37,37,43
43_38,43,38,38,43
43_39,43,39,39,43
43_40,43,40,40,43
43_41,43,41,41,43
43_42,43,42,42,43
43_43,43,43,43,43
43_44,43,44,44,43
43_45,43,45,45,43
43_46,43,46,46,43
43_47,43,47,47,43
43_48,43,48,48,43
43_49,43,49,49,43
43_50,43,50,50,43
43_51,43,51,51,43
43_52,43,52,52,43
43_55,43,55,55,43
43_56,43,56,56,43
43_57,43,57,57,43
43_58,43,58,58,43
43_59,43,59,59,43
43_60,43,60,60,43
43_61,43,61,61,43
43_62,43,62,62,43
43_63,43,63,63,43
43_64,43,64,64,43
43_65,43,65,65,43
43_66,43,66,66,43
43_67,43,67,67,43
43_68,43,68,68,43
43_69,43,69,69,43
43_70,43,70,70,43
43_71,43,71,71,43
43_72,43,72,72,43
43_73,43,73,73,43
43_74,43,74,74,43
43_75,43,75,75,43
43_76,43,76,76,43
43_77,43,77,77,43
43_78,43,78,78,43
44_1,44,1,1,44
44_2,44,2,2,44
44_3,44,3,3,44
44_4,44,4,4,44
44_5,44,5,5,44
44_10,44,10,10,44
44_11,44,11,11,44
44_12,44,12,12,44
44_13,44,13,13,44
44_14,44,14,14,44
44_19,44,19,19,44
44_20,44,20,20,44
44_21,44,21,21,44
44_22,44,22,22,44
44_23,44,23,23,44
44_28,44,28,28,44
44_29,44,29,29,44
44_30,44,30,30,44
44_31,44,31,31,44
44_32,44,32,32,44
44_37,44,37,37,44
44_38,44,38,38,44
44_39,44,39,39,44
44_40,44,40,40,44
44_41,44,41,41,44
44_42,44,42,42,44
44_46,44,46,46,44
44_47,44,47,47,44
44_48,44,48,48,44
44_49,44,49,49,44
44_50,44,50,50,44
44_55,44,55,55,44
44_56,44,56,56,44
44_57,44,57,57,44
44_58,44,58,58,44
44_59,44,59,59,44
44_64,44,64,64,44
44_65,44,65,65,44
44_66,44,66,66,44
44_67,44,67,67,44
44_68,44,68,68,44
44_73,44,73,73,44
44_74,44,74,74,44
44_75,44,75,75,44
44_76,44,76,76,44
44_77,44,77,77,44
44_78,44,78,78,44
45_1,45,1,1,45
45_2,45,2,2,45
45_3,45,3,3,45
45_4,45,4,4,45
45_5,45,5,5,45
45_10,45,10,10,45
45_11,45,11,11,45
45_12,45,12,12,45
45_13,45,13,13,45
45_14,45,14,14,45
45_19,45,19,19,45
45_20,45,20,20,45
45_21,45,21,21,45
45_22,45,22,22,45
45_23,45,23,23,45
45_28,45,28,28,45
45_29,45,29,29,45
45_30,45,30,30,45
45_31,45,31,31,45
45_32,45,32,32,45
45_37,45,37,37,45
45_38,45,38,38,45
45_39,45,39,39,45
45_40,45,40,40,45
45_41,45,41,41,45
45_42,45,42,42,45
45_46,45,46,46,45
45_47,45,47,47,45
45_48,45,48,48,45
45_49,45,49,49,45
45_50,45,50,50,45
45_55,45,55,55,45
45_56,45,56,56,45
45_57,45,57,57,45
45_58,45,58,58,45
45_59,45,59,59,45
45_64,45,64,64,45
45_65,45,65,65,45
45_66,45,66,66,45
45_67,45,67,67,45
45_68,45,68,68,45
45_73,45,73,73,45
45_74,45,74,74,45
45_75,45,75,75,45
45_76,45,76,76,45
45_77,45,77,77,45
45_78,45,78,78,45
46_1,46,1,1,46
46_2,46,2,2,46
46_3,46,3,3,46
46_4,46,4,4,46
46_5,46,5,5,46
46_10,46,10,10,46
46_11,46,11,11,46
46_12,46,12,12,46
46_13,46,13,13,46
46_14,46,14,14,46
46_19,46,19,19,46
46_20,46,20,20,46
46_21,46,21,21,46
46_22,46,22,22,46
46_23,46,23,23,46
46_28,46,28,28,46
46_29,46,29,29,46
46_30,46,30,30,46
46_31,46,31,31,46
46_32,46,32,32,46
46_37,46,37,37,46
46_38,46,38,38,46
46_39,46,39,39,46
46_40,46,40,40,46
46_41,46,41,41,46
46_42,46,42,42,46
46_46,46,46,46,46
46_47,46,47,47,46
46_48,46,48,48,46
46_49,46,49,49,46
46_50,46,50,50,46
46_55,46,55,55,46
46_56,46,56,56,46
46_57,46,57,57,46
46_58,46,58,58,46
46_59,46,59,59,46
46_64,46,64,64,46
46_65,46,65,65,46
46_66,46,66,66,46
46_67,46,67,67,46
46_68,46,68,68,46
46_73,46,73,73,46
46_74,46,74,74,46
46_75,46,75,75,46
46_76,46,76,76,46
46_77,46,77,77,46
46_78,46,78,78,46
47_1,47,1,1,47
47_2,47,2,2,47
47_3,47,3,3,47
47_4,47,4,4,47
47_5,47,5,5,47
47_10,47,10,10,47
47_11,47,11,11,47
47_12,47,12,12,47
47_13,47,13,13,47
47_14,47,14,14,47
47_19,47,19,19,47
47_20,47,20,20,47
47_21,47,21,21,47
47_22,47,22,22,47
47_23,47,23,23,47
47_28,47,28,28,47
47_29,47,29,29,47
47_30,47,30,30,47
47_31,47,31,31,47
47_32,47,32,32,47
47_37,47,37,37,47
47_38,47,38,38,47
47_39,47,39,39,47
47_40,47,40,40,47
47_41,47,41,41,47
47_42,47,42,42,47
47_46,47,46,46,47
47_47,47,47,47,47
47_48,47,48,48,47
47_49,47,49,49,47
47_50,47,50,50,47
47_55,47,55,55,47
47_56,47,56,56,47
47_57,47,57,57,47
47_58,47,58,58,47
47_59,47,59,59,47
47_64,47,64,64,47
47_65,47,65,65,47
47_66,47,66,66,47
47_67,47,67,67,47
47_68,47,68,68,47
47_73,47,73,73,47
47_74,47,74,74,47
47_75,47,75,75,47
47_76,47,76,76,47
47_77,47,77,77,47
47_78,47,78,78,47
48_1,48,1,1,48
48_2,48,2,2,48
48_3,48,3,3,48
48_4,48,4,4,48
48_5,48,5,5,48
48_10,48,10,10,48
48_11,48,11,11,48
48_12,48,12,12,48
48_13,48,13,13,48
48_14,48,14,14,48
48_19,48,19,19,48
48_20,48,20,20,48
48_21,48,21,21,48
48_22,48,22,22,48
48_23,48,23,23,48
48_28,48,28,28,48
48_29,48,29,29,48
48_30,48,30,30,48
48_31,48,31,31,48
48_32,48,32,32,48
48_37,48,37,37,48
48_38,48,38,38,48
48_39,48,39,39,48
48_40,48,40,40,48
48_41,48,41,41,48
48_42,48,42,42,48
48_46,48,46,46,48
48_47,48,47,47,48
48_48,48,48,48,48
48_49,48,49,49,48
48_50,48,50,50,48
48_55,48,55,55,48
48_56,48,56,56,48
48_57,48,57,57,48
48_58,48,58,58,48
48_59,48,59,59,48
48_64,48,64,64,48
48_65,48,65,65,48
48_66,48,66,66,48
48_67,48,67,67,48
48_68,48,68,68,48
48_73,48,73,73,48
48_74,48,74,74,48
48_75,48,75,75,48
48_76,48,76,76,48
48_77,48,77,77,48
48_78,48,78,78,48
49_1,49,1,1,49
49_2,49,2,2,49
49_3,49,3,3,49
49_4,49,4,4,49
49_5,49,5,5,49
49_10,49,10,10,49
49_11,49,11,11,49
49_12,49,12,12,49
49_13,49,13,13,49
49_14,49,14,14,49
49_19,49,19,19,49
49_20,49,20,20,49
49_21,49,21,21,49
49_22,49,22,22,49
49_23,49,23,23,49
49_28,49,28,28,49
49_29,49,29,29,49
49_30,49,30,30,49
49_31,49,31,31,49
49_32,49,32,32,49
49_37,49,37,37,49
49_38,49,38,38,49
49_39,49,39,39,49
49_40,49,40,40,49
49_41,49,41,41,49
49_42,49,42,42,49
49_46,49,46,46,49
49_47,49,47,47,49
49_48,49,48,48,49
49_49,49,49,49,49
49_50,49,50,50,49
49_55,49,55,55,49
49_56,49,56,56,49
49_57,49,57,57,49
49_58,49,58,58,49
49_59,49,59,59,49
49_64,49,64,64,49
49_65,49,65,65,49
49_66,49,66,66,49
49_67,49,67,67,49
49_68,49,68,68,49
49_73,49,73,73,49
49_74,49,74,74,49
49_75,49,75,75,49
49_76,49,76,76,49
49_77,49,77,77,49
49_78,49,78,78,49
50_1,50,1,1,50
50_2,50,2,2,50
50_3,50,3,3,50
50_4,50,4,4,50
50_5,50,5,5,50
50_10,50,10,10,50
50_11,50,11,11,50
50_12,50,12,12,50
50_13,50,13,13,50
50_14,50,14,14,50
50_19,50,19,19,50
50_20,50,20,20,50
50_21,50,21,21,50
50_22,50,22,22,50
50_23,50,23,23,50
50_28,50,28,28,50
50_29,50,29,29,50
50_30,50,30,30,50
50_31,50,31,31,50
50_32,50,32,32,50
50_37,50,37,37,50
50_38,50,38,38,50
50_39,50,39,39,50
50_40,50,40,40,50
50_41,50,41,41,50
50_42,50,42,42,50
50_46,50,46,46,50
50_47,50,47,47,50
50_48,50,48,48,50
50_49,50,49,49,50
50_50,50,50,50,50
50_55,50,55,55,50
50_56,50,56,56,50
50_57,50,57,57,50
50_58,50,58,58,50
50_59,50,59,59,50
50_64,50,64,64,50
50_65,50,65,65,50
50_66,50,66,66,50
50_67,50,67,67,50
50_68,50,68,68,50
50_73,50,73,73,50
50_74,50,74,74,50
50_75,50,75,75,50
50_76,50,76,76,50
50_77,50,77,77,50
50_78,50,78,78,50
51_1,51,1,1,51
51_2,51,2,2,51
51_3,51,3,3,51
51_4,51,4,4,51
51_5,51,5,5,51
51_10,51,10,10,51
51_11,51,11,11,51
51_12,51,12,12,51
51_13,51,13,13,51
51_14,51,14,14,51
51_19,51,19,19,51
51_20,51,20,20,51
51_21,51,21,21,51
51_22,51,22,22,51
51_23,51,23,23,51
51_28,51,28,28,51
51_29,51,29,29,51
51_30,51,30,30,51
51_31,51,31,31,51
51_32,51,32,32,51
51_37,51,37,37,51
51_38,51,38,38,51
51_39,51,39,39,51
51_40,51,40,40,51
51_41,51,41,41,51
51_42,51,42,42,51
51_46,51,46,46,51
51_47,51,47,47,51
51_48,51,48,48,51
51_49,51,49,49,51
51_50,51,50,50,51
51_55,51,55,55,51
51_56,51,56,56,51
51_57,51,57,57,51
51_58,51,58,58,51
51_59,51,59,59,51
51_64,51,64,64,51
51_65,51,65,65,51
51_66,51,66,66,51
51_67,51,67,67,51
51_68,51,68,68,51
51_73,51,73,73,51
51_74,51,74,74,51
51_75,51,75,75,51
51_76,51,76,76,51
51_77,51,77,77,51
51_78,51,78,78,51
52_1,52,1,1,52
52_2,52,2,2,52
52_3,52,3,3,52
52_4,52,4,4,52
52_5,52,5,5,52
52_6,52,6,6,52
52_7,52,7,7,52
52_8,52,8,8,52
52_9,52,9,9,52
52_10,52,10,10,52
52_11,52,11,11,52
52_12,52,12,12,52
52_13,52,13,13,52
52_14,52,14,14,52
52_15,52,15,15,52
52_16,52,16,16,52
52_17,52,17,17,52
52_18,52,18,18,52
52_19,52,19,19,52
52_20,52,20,20,52
52_21,52,21,21,52
52_22,52,22,22,52
52_23,52,23,23,52
52_24,52,24,24,52
52_25,52,25,25,52
52_26,52,26,26,52
52_27,52,27,27,52
52_28,52,28,28,52
52_29,52,29,29,52
52_30,52,30,30,52
52_31,52,31,31,52
52_32,52,32,32,52
52_33,52,33,33,52
52_34,52,34,34,52
52_35,52,35,35,52
52_36,52,36,36,52
52_37,52,37,37,52
52_38,52,38,38,52
52_39,52,39,39,52
52_42,52,42,42,52
52_43,52,43,43,52
52_44,52,44,44,52
52_45,52,45,45,52
52_46,52,46,46,52
52_47,52,47,47,52
52_48,52,48,48,52
52_49,52,49,49,52
52_50,52,50,50,52
52_51,52,51,51,52
52_52,52,52,52,52
52_53,52,53,53,52
52_54,52,54,54,52
52_55,52,55,55,52
52_56,52,56,56,52
52_57,52,57,57,52
52_58,52,58,58,52
52_59,52,59,59,52
52_60,52,60,60,52
52_61,52,61,61,52
52_62,52,62,62,52
52_63,52,63,63,52
52_64,52,64,64,52
52_65,52,65,65,52
52_66,52,66,66,52
52_67,52,67,67,52
52_68,52,68,68,52
52_69,52,69,69,52
52_70,52,70,70,52
52_71,52,71,71,52
52_72,52,72,72,52
52_73,52,73,73,52
52_74,52,74,74,52
52_75,52,75,75,52
52_76,52,76,76,52
52_77,52,77,77,52
52_78,52,78,78,52
53_1,53,1,1,53
53_2,53,2,2,53
53_3,53,3,3,53
53_4,53,4,4,53
53_5,53,5,5,53
53_6,53,6,6,53
53_7,53,7,7,53
53_8,53,8,8,53
53_9,53,9,9,53
53_10,53,10,10,53
53_11,53,11,11,53
53_12,53,12,12,53
53_13,53,13,13,53
53_14,53,14,14,53
53_15,53,15,15,53
53_16,53,16,16,53
53_17,53,17,17,53
53_18,53,18,18,53
53_19,53,19,19,53
53_20,53,20,20,53
53_21,53,21,21,53
53_22,53,22,22,53
53_23,53,23,23,53
53_24,53,24,24,53
53_25,53,25,25,53
53_26,53,26,26,53
53_27,53,27,27,53
53_28,53,28,28,53
53_29,53,29,29,53
53_30,53,30,30,53
53_31,53,31,31,53
53_32,53,32,32,53
53_33,53,33,33,53
53_34,53,34,34,53
53_35,53,35,35,53
53_36,53,36,36,53
53_37,53,37,37,53
53_38,53,38,38,53
53_39,53,39,39,53
53_42,53,42,42,53
53_43,53,43,43,53
53_44,53,44,44,53
53_45,53,45,45,53
53_46,53,46,46,53
53_47,53,47,47,53
53_48,53,48,48,53
53_49,53,49,49,53
53_50,53,50,50,53
53_51,53,51,51,53
53_52,53,52,52,53
53_53,53,53,53,53
53_54,53,54,54,53
53_55,53,55,55,53
53_56,53,56,56,53
53_57,53,57,57,53
53_58,53,58,58,53
53_59,53,59,59,53
53_60,53,60,60,53
53_61,53,61,61,53
53_62,53,62,62,53
53_63,53,63,63,53
53_64,53,64,64,53
53_65,53,65,65,53
53_66,53,66,66,53
53_67,53,67,67,53
53_68,53,68,68,53
53_69,53,69,69,53
53_70,53,70,70,53
53_71,53,71,71,53
53_72,53,72,72,53
53_73,53,73,73,53
53_74,53,74,74,53
53_75,53,75,75,53
53_76,53,76,76,53
53_77,53,77,77,53
53_78,53,78,78,53
54_1,54,1,1,54
54_2,54,2,2,54
54_3,54,3,3,54
54_4,54,4,4,54
54_5,54,5,5,54
54_6,54,6,6,54
54_7,54,7,7,54
54_8,54,8,8,54
54_9,54,9,9,54
54_10,54,10,10,54
54_11,54,11,11,54
54_12,54,12,12,54
54_13,54,13,13,54
54_14,54,14,14,54
54_15,54,15,15,54
54_16,54,16,16,54
54_17,54,17,17,54
54_18,54,18,18,54
54_19,54,19,19,54
54_20,54,20,20,54
54_21,54,21,21,54
54_22,54,22,22,54
54_23,54,23,23,54
54_24,54,24,24,54
54_25,54,25,25,54
54_26,54,26,26,54
54_27,54,27,27,54
54_28,54,28,28,54
54_29,54,29,29,54
54_30,54,30,30,54
54_31,54,31,31,54
54_32,54,32,32,54
54_33,54,33,33,54
54_34,54,34,34,54
54_35,54,35,35,54
54_36,54,36,36,54
54_37,54,37,37,54
54_38,54,38,38,54
54_39,54,39,39,54
54_40,54,40,40,54
54_41,54,41,41,54
54_42,54,42,42,54
54_43,54,43,43,54
54_44,54,44,44,54
54_45,54,45,45,54
54_46,54,46,46,54
54_47,54,47,47,54
54_48,54,48,48,54
54_49,54,49,49,54
54_50,54,50,50,54
54_51,54,51,51,54
54_52,54,52,52,54
54_53,54,53,53,54
54_54,54,54,54,54
54_55,54,55,55,54
54_56,54,56,56,54
54_57,54,57,57,54
54_58,54,58,58,54
54_59,54,59,59,54
54_60,54,60,60,54
54_61,54,61,61,54
54_62,54,62,62,54
54_63,54,63,63,54
54_64,54,64,64,54
54_65,54,65,65,54
54_66,54,66,66,54
54_67,54,67,67,54
54_68,54,68,68,54
54_69,54,69,69,54
54_70,54,70,70,54
54_71,54,71,71,54
54_72,54,72,72,54
54_73,54,73,73,54
54_74,54,74,74,54
54_75,54,75,75,54
54_76,54,76,76,54
54_77,54,77,77,54
54_78,54,78,78,54
55_1,55,1,1,55
55_2,55,2,2,55
55_3,55,3,3,55
55_4,55,4,4,55
55_5,55,5,5,55
55_6,55,6,6,55
55_7,55,7,7,55
55_8,55,8,8,55
55_9,55,9,9,55
55_10,55,10,10,55
55_11,55,11,11,55
55_12,55,12,12,55
55_13,55,13,13,55
55_14,55,14,14,55
55_15,55,15,15,55
55_16,55,16,16,55
55_17,55,17,17,55
55_18,55,18,18,55
55_19,55,19,19,55
55_20,55,20,20,55
55_21,55,21,21,55
55_22,55,22,22,55
55_23,55,23,23,55
55_24,55,24,24,55
55_25,55,25,25,55
55_26,55,26,26,55
55_27,55,27,27,55
55_28,55,28,28,55
55_29,55,29,29,55
55_30,55,30,30,55
55_31,55,31,31,55
55_32,55,32,32,55
55_33,55,33,33,55
55_34,55,34,34,55
55_35,55,35,35,55
55_36,55,36,36,55
55_37,55,37,37,55
55_38,55,38,38,55
55_39,55,39,39,55
55_40,55,40,40,55
55_41,55,41,41,55
55_42,55,42,42,55
55_43,55,43,43,55
55_44,55,44,44,55
55_45,55,45,45,55
55_46,55,46,46,55
55_47,55,47,47,55
55_48,55,48,48,55
55_49,55,49,49,55
55_50,55,50,50,55
55_51,55,51,51,55
55_52,55,52,52,55
55_53,55,53,53,55
55_54,55,54,54,55
55_55,55,55,55,55
55_56,55,56,56,55
55_57,55,57,57,55
55_58,55,58,58,55
55_59,55,59,59,55
55_60,55,60,60,55
55_61,55,61,61,55
55_62,55,62,62,55
55_63,55,63,63,55
55_64,55,64,64,55
55_65,55,65,65,55
55_66,55,66,66,55
55_67,55,67,67,55
55_68,55,68,68,55
55_69,55,69,69,55
55_70,55,70,70,55
55_71,55,71,71,55
55_72,55,72,72,55
55_73,55,73,73,55
55_74,55,74,74,55
55_75,55,75,75,55
55_76,55,76,76,55
55_77,55,77,77,55
55_78,55,78,78,55
56_1,56,1,1,56
56_2,56,2,2,56
56_3,56,3,3,56
56_4,56,4,4,56
56_5,56,5,5,56
56_6,56,6,6,56
56_7,56,7,7,56
56_8,56,8,8,56
56_9,56,9,9,56
56_10,56,10,10,56
56_11,56,11,11,56
56_12,56,12,12,56
56_13,56,13,13,56
56_14,56,14,14,56
56_15,56,15,15,56
56_16,56,16,16,56
56_17,56,17,17,56
56_18,56,18,18,56
56_19,56,19,19,56
56_20,56,20,20,56
56_21,56,21,21,56
56_22,56,22,22,56
56_23,56,23,23,56
56_24,56,24,24,56
56_25,56,25,25,56
56_26,56,26,26,56
56_27,56,27,27,56
56_28,56,28,28,56
56_29,56,29,29,56
56_30,56,30,30,56
56_31,56,31,31,56
56_32,56,32,32,56
56_33,56,33,33,56
56_34,56,34,34,56
56_35,56,35,35,56
56_36,56,36,36,56
56_37,56,37,37,56
56_38,56,38,38,56
56_39,56,39,39,56
56_40,56,40,40,56
56_41,56,41,41,56
56_42,56,42,42,56
56_43,56,43,43,56
56_44,56,44,44,56
56_45,56,45,45,56
56_46,56,46,46,56
56_47,56,47,47,56
56_48,56,48,48,56
56_49,56,49,49,56
56_50,56,50,50,56
56_51,56,51,51,56
56_52,56,52,52,56
56_53,56,53,53,56
56_54,56,54,54,56
56_55,56,55,55,56
56_56,56,56,56,56
56_57,56,57,57,56
56_58,56,58,58,56
56_59,56,59,59,56
56_60,56,60,60,56
56_61,56,61,61,56
56_62,56,62,62,56
56_63,56,63,63,56
56_64,56,64,64,56
56_65,56,65,65,56
56_66,56,66,66,56
56_67,56,67,67,56
56_68,56,68,68,56
56_69,56,69,69,56
56_70,56,70,70,56
56_71,56,71,71,56
56_72,56,72,72,56
56_73,56,73,73,56
56_74,56,74,74,56
56_75,56,75,75,56
56_76,56,76,76,56
56_77,56,77,77,56
56_78,56,78,78,56
57_1,57,1,1,57
57_2,57,2,2,57
57_3,57,3,3,57
57_4,57,4,4,57
57_5,57,5,5,57
57_6,57,6,6,57
57_7,57,7,7,57
57_8,57,8,8,57
57_9,57,9,9,57
57_10,57,10,10,57
57_11,57,11,11,57
57_12,57,12,12,57
57_13,57,13,13,57
57_14,57,14,14,57
57_15,57,15,15,57
57_16,57,16,16,57
57_17,57,17,17,57
57_18,57,18,18,57
57_19,57,19,19,57
57_20,57,20,20,57
57_21,57,21,21,57
57_22,57,22,22,57
57_23,57,23,23,57
57_24,57,24,24,57
57_25,57,25,25,57
57_26,57,26,26,57
57_27,57,27,27,57
57_28,57,28,28,57
57_29,57,29,29,57
57_30,57,30,30,57
57_31,57,31,31,57
57_32,57,32,32,57
57_33,57,33,33,57
57_34,57,34,34,57
57_35,57,35,35,57
57_36,57,36,36,57
57_37,57,37,37,57
57_38,57,38,38,57
57_39,57,39,39,57
57_40,57,40,40,57
57_41,57,41,41,57
57_42,57,42,42,57
57_43,57,43,43,57
57_44,57,44,44,57
57_45,57,45,45,57
57_46,57,46,46,57
57_47,57,47,47,57
57_48,57,48,48,57
57_49,57,49,49,57
57_50,57,50,50,57
57_51,57,51,51,57
57_52,57,52,52,57
57_53,57,53,53,57
57_54,57,54,54,57
57_55,57,55,55,57
57_56,57,56,56,57
57_57,57,57,57,57
57_58,57,58,58,57
57_59,57,59,59,57
57_60,57,60,60,57
57_61,57,61,61,57
57_62,57,62,62,57
57_63,57,63,63,57
57_64,57,64,64,57
57_65,57,65,65,57
57_66,57,66,66,57
57_67,57,67,67,57
57_68,57,68,68,57
57_69,57,69,69,57
57_70,57,70,70,57
57_71,57,71,71,57
57_72,57,72,72,57
57_73,57,73,73,57
57_74,57,74,74,57
57_75,57,75,75,57
57_76,57,76,76,57
57_77,57,77,77,57
57_78,57,78,78,57
58_1,58,1,1,58
58_2,58,2,2,58
58_3,58,3,3,58
58_4,58,4,4,58
58_5,58,5,5,58
58_6,58,6,6,58
58_7,58,7,7,58
58_8,58,8,8,58
58_9,58,9,9,58
58_10,58,10,10,58
58_11,58,11,11,58
58_12,58,12,12,58
58_13,58,13,13,58
58_14,58,14,14,58
58_15,58,15,15,58
58_16,58,16,16,58
58_17,58,17,17,58
58_18,58,18,18,58
58_19,58,19,19,58
58_20,58,20,20,58
58_21,58,21,21,58
58_22,58,22,22,58
58_23,58,23,23,58
58_24,58,24,24,58
58_25,58,25,25,58
58_26,58,26,26,58
58_27,58,27,27,58
58_28,58,28,28,58
58_29,58,29,29,58
58_30,58,30,30,58
58_31,58,31,31,58
58_32,58,32,32,58
58_33,58,33,33,58
58_34,58,34,34,58
58_35,58,35,35,58
58_36,58,36,36,58
58_37,58,37,37,58
58_38,58,38,38,58
58_39,58,39,39,58
58_40,58,40,40,58
58_41,58,41,41,58
58_42,58,42,42,58
58_43,58,43,43,58
58_44,58,44,44,58
58_45,58,45,45,58
58_46,58,46,46,58
58_47,58,47,47,58
58_48,58,48,48,58
58_49,58,49,49,58
58_50,58,50,50,58
58_51,58,51,51,58
58_52,58,52,52,58
58_53,58,53,53,58
58_54,58,54,54,58
58_55,58,55,55,58
58_56,58,56,56,58
58_57,58,57,57,58
58_58,58,58,58,58
58_59,58,59,59,58
58_60,58,60,60,58
58_61,58,61,61,58
58_62,58,62,62,58
58_63,58,63,63,58
58_64,58,64,64,58
58_65,58,65,65,58
58_66,58,66,66,58
58_67,58,67,67,58
58_68,58,68,68,58
58_69,58,69,69,58
58_70,58,70,70,58
58_71,58,71,71,58
58_72,58,72,72,58
58_73,58,73,73,58
58_74,58,74,74,58
58_75,58,75,75,58
58_76,58,76,76,58
58_77,58,77,77,58
58_78,58,78,78,58
