from,to,cost
1_1,2_1,1
1_3,1_4,1
1_4,1_5,1
1_5,1_6,1
1_5,2_5,1
1_6,1_7,1
1_7,1_8,1
1_8,1_9,1
1_9,1_10,1
1_10,1_11,1
1_11,1_12,1
1_12,1_13,1
1_13,1_14,1
1_14,1_15,1
1_15,1_16,1
1_16,1_17,1
1_17,2_17,1
1_19,1_20,1
1_20,1_21,1
1_21,1_22,1
1_21,2_21,1
1_22,1_23,1
1_23,2_23,1
1_25,1_26,1
1_25,2_25,1
1_26,1_27,1
1_27,1_28,1
1_28,1_29,1
1_29,1_30,1
1_30,1_31,1
1_31,1_32,1
1_31,2_31,1
1_32,1_33,1
1_33,1_34,1
1_34,1_35,1
1_35,1_36,1
1_36,1_37,1
1_37,1_38,1
1_38,1_39,1
1_39,1_40,1
1_40,1_41,1
1_41,2_41,1
1_43,1_44,1
1_43,2_43,1
1_44,1_45,1
1_45,2_45,1
1_47,1_48,1
1_48,1_49,1
1_49,1_50,1
1_49,2_49,1
1_50,1_51,1
1_51,1_52,1
1_52,1_53,1
1_53,1_54,1
1_54,1_55,1
1_55,1_56,1
1_56,1_57,1
1_57,1_58,1
1_57,2_57,1
1_58,1_59,1
1_59,1_60,1
1_59,2_59,1
1_60,1_61,1
1_61,2_61,1
1_63,1_64,1
1_63,2_63,1
1_64,1_65,1
1_65,1_66,1
1_66,1_67,1
1_67,1_68,1
1_68,1_69,1
1_69,1_70,1
1_69,2_69,1
1_70,1_71,1
1_71,1_72,1
1_72,1_73,1
1_72,2_72,1
1_73,1_74,1
1_74,1_75,1
1_75,1_76,1
1_76,1_77,1
1_77,1_78,1
1_78,1_79,1
1_79,2_79,1
2_1,3_1,1
2_5,3_5,1
2_17,3_17,1
2_21,3_21,1
2_23,3_23,1
2_25,3_25,1
2_31,3_31,1
2_41,3_41,1
2_43,3_43,1
2_45,3_45,1
2_49,3_49,1
2_57,3_57,1
2_59,3_59,1
2_61,3_61,1
2_63,3_63,1
2_69,3_69,1
2_72,3_72,1
2_79,3_79,1
3_1,3_2,1
3_2,3_3,1
3_3,4_3,1
3_5,3_6,1
3_5,4_5,1
3_6,3_7,1
3_7,4_7,1
3_9,3_10,1
3_9,4_9,1
3_10,3_11,1
3_11,3_12,1
3_11,4_11,1
3_12,3_13,1
3_13,3_14,1
3_14,3_15,1
3_15,4_15,1
3_17,3_18,1
3_18,3_19,1
3_19,4_19,1
3_21,4_21,1
3_25,4_25,1
3_27,3_28,1
3_28,3_29,1
3_29,4_29,1
3_31,4_31,1
3_33,3_34,1
3_33,4_33,1
3_34,3_35,1
3_35,3_36,1
3_36,3_37,1
3_37,3_38,1
3_38,3_39,1
3_41,3_42,1
3_42,3_43,1
3_45,3_46,1
3_46,3_47,1
3_47,4_47,1
3_51,3_52,1
3_51,4_51,1
3_52,3_53,1
3_53,3_54,1
3_54,3_55,1
3_55,4_55,1
3_57,4_57,1
3_59,4_59,1
3_61,4_61,1
3_63,3_64,1
3_64,3_65,1
3_65,3_66,1
3_65,4_65,1
3_66,3_67,1
3_69,4_69,1
3_71,3_72,1
3_71,4_71,1
3_72,3_73,1
3_73,3_74,1
3_74,3_75,1
3_75,3_76,1
3_76,3_77,1
3_79,4_79,1
4_3,5_3,1
4_5,5_5,1
4_7,5_7,1
4_9,5_9,1
4_11,5_11,1
4_15,5_15,1
4_19,5_19,1
4_21,5_21,1
4_25,5_25,1
4_29,5_29,1
4_31,5_31,1
4_33,5_33,1
4_47,5_47,1
4_51,5_51,1
4_55,5_55,1
4_57,5_57,1
4_59,5_59,1
4_61,5_61,1
4_65,5_65,1
4_69,5_69,1
4_71,5_71,1
4_79,5_79,1
5_1,5_2,1
5_1,6_1,1
5_2,5_3,1
5_7,6_7,1
5_11,5_12,1
5_12,5_13,1
5_13,6_13,1
5_15,6_15,1
5_17,5_18,1
5_17,6_17,1
5_18,5_19,1
5_21,5_22,1
5_21,6_21,1
5_22,5_23,1
5_23,5_24,1
5_24,5_25,1
5_27,5_28,1
5_27,6_27,1
5_28,5_29,1
5_31,6_31,1
5_33,6_33,1
5_35,5_36,1
5_35,6_35,1
5_36,5_37,1
5_37,5_38,1
5_38,5_39,1
5_39,5_40,1
5_40,5_41,1
5_41,5_42,1
5_42,5_43,1
5_43,5_44,1
5_44,5_45,1
5_45,6_45,1
5_47,6_47,1
5_49,5_50,1
5_49,6_49,1
5_50,5_51,1
5_53,6_53,1
5_55,6_55,1
5_57,6_57,1
5_59,6_59,1
5_61,5_62,1
5_61,6_61,1
5_62,5_63,1
5_65,6_65,1
5_67,5_68,1
5_67,6_67,1
5_68,5_69,1
5_71,5_72,1
5_71,6_71,1
5_72,5_73,1
5_73,5_74,1
5_74,5_75,1
5_75,6_75,1
5_77,5_78,1
5_77,6_77,1
5_78,5_79,1
6_1,7_1,1
6_7,7_7,1
6_13,7_13,1
6_15,7_15,1
6_17,7_17,1
6_21,7_21,1
6_27,7_27,1
6_31,7_31,1
6_33,7_33,1
6_35,7_35,1
6_45,7_45,1
6_47,7_47,1
6_49,7_49,1
6_53,7_53,1
6_55,7_55,1
6_57,7_57,1
6_59,7_59,1
6_61,7_61,1
6_65,7_65,1
6_67,7_67,1
6_71,7_71,1
6_75,7_75,1
6_77,7_77,1
7_1,8_1,1
7_3,7_4,1
7_3,8_3,1
7_4,7_5,1
7_5,7_6,1
7_6,7_7,1
7_9,7_10,1
7_9,8_9,1
7_10,7_11,1
7_11,7_12,1
7_12,7_13,1
7_15,8_15,1
7_17,8_17,1
7_19,7_20,1
7_20,7_21,1
7_21,7_22,1
7_22,7_23,1
7_23,7_24,1
7_24,7_25,1
7_25,8_25,1
7_27,7_28,1
7_27,8_27,1
7_28,7_29,1
7_29,8_29,1
7_31,8_31,1
7_33,7_34,1
7_34,7_35,1
7_35,7_36,1
7_36,7_37,1
7_37,8_37,1
7_39,7_40,1
7_39,8_39,1
7_40,7_41,1
7_41,7_42,1
7_42,7_43,1
7_43,8_43,1
7_45,8_45,1
7_47,8_47,1
7_49,8_49,1
7_51,7_52,1
7_51,8_51,1
7_52,7_53,1
7_53,8_53,1
7_55,8_55,1
7_59,8_59,1
7_63,7_64,1
7_63,8_63,1
7_64,7_65,1
7_67,8_67,1
7_69,8_69,1
7_71,8_71,1
7_73,8_73,1
7_75,7_76,1
7_76,7_77,1
7_77,7_78,1
7_78,7_79,1
7_79,8_79,1
8_1,9_1,1
8_3,9_3,1
8_9,9_9,1
8_15,9_15,1
8_17,9_17,1
8_25,9_25,1
8_27,9_27,1
8_29,9_29,1
8_31,9_31,1
8_37,9_37,1
8_39,9_39,1
8_43,9_43,1
8_45,9_45,1
8_47,9_47,1
8_49,9_49,1
8_51,9_51,1
8_53,9_53,1
8_55,9_55,1
8_59,9_59,1
8_63,9_63,1
8_67,9_67,1
8_69,9_69,1
8_71,9_71,1
8_73,9_73,1
8_79,9_79,1
9_1,9_2,1
9_2,9_3,1
9_5,10_5,1
9_7,9_8,1
9_7,10_7,1
9_8,9_9,1
9_9,9_10,1
9_10,9_11,1
9_11,9_12,1
9_12,9_13,1
9_13,10_13,1
9_17,9_18,1
9_18,9_19,1
9_19,9_20,1
9_20,9_21,1
9_21,10_21,1
9_23,10_23,1
9_25,10_25,1
9_29,10_29,1
9_31,10_31,1
9_33,9_34,1
9_33,10_33,1
9_34,9_35,1
9_35,10_35,1
9_37,9_38,1
9_38,9_39,1
9_39,10_39,1
9_41,9_42,1
9_42,9_43,1
9_45,10_45,1
9_47,9_48,1
9_48,9_49,1
9_51,10_51,1
9_53,10_53,1
9_55,10_55,1
9_57,9_58,1
9_57,10_57,1
9_58,9_59,1
9_59,10_59,1
9_61,9_62,1
9_61,10_61,1
9_62,9_63,1
9_65,10_65,1
9_67,10_67,1
9_69,9_70,1
9_70,9_71,1
9_71,9_72,1
9_72,9_73,1
9_75,9_76,1
9_75,10_75,1
9_76,9_77,1
9_77,10_77,1
10_5,11_5,1
10_7,11_7,1
10_13,11_13,1
10_21,11_21,1
10_23,11_23,1
10_25,11_25,1
10_29,11_29,1
10_31,11_31,1
10_33,11_33,1
10_35,11_35,1
10_39,11_39,1
10_45,11_45,1
10_51,11_51,1
10_53,11_53,1
10_55,11_55,1
10_57,11_57,1
10_59,11_59,1
10_61,11_61,1
10_65,11_65,1
10_67,11_67,1
10_75,11_75,1
10_77,11_77,1
11_1,11_2,1
11_2,11_3,1
11_3,11_4,1
11_3,12_3,1
11_4,11_5,1
11_5,12_5,1
11_7,12_7,1
11_9,11_10,1
11_10,11_11,1
11_11,12_11,1
11_13,12_13,1
11_15,11_16,1
11_15,12_15,1
11_16,11_17,1
11_17,11_18,1
11_18,11_19,1
11_19,11_20,1
11_20,11_21,1
11_23,12_23,1
11_25,11_26,1
11_26,11_27,1
11_27,11_28,1
11_27,12_27,1
11_28,11_29,1
11_31,12_31,1
11_33,12_33,1
11_35,12_35,1
11_37,11_38,1
11_37,12_37,1
11_38,11_39,1
11_41,11_42,1
11_41,12_41,1
11_42,11_43,1
11_43,12_43,1
11_45,11_46,1
11_45,12_45,1
11_46,11_47,1
11_47,12_47,1
11_49,11_50,1
11_49,12_49,1
11_50,11_51,1
11_53,11_54,1
11_54,11_55,1
11_57,12_57,1
11_59,12_59,1
11_61,11_62,1
11_62,11_63,1
11_63,11_64,1
11_64,11_65,1
11_65,12_65,1
11_67,11_68,1
11_68,11_69,1
11_69,11_70,1
11_70,11_71,1
11_71,12_71,1
11_73,11_74,1
11_73,12_73,1
11_74,11_75,1
11_77,11_78,1
11_78,11_79,1
11_79,12_79,1
12_3,13_3,1
12_5,13_5,1
12_7,13_7,1
12_11,13_11,1
12_13,13_13,1
12_15,13_15,1
12_23,13_23,1
12_27,13_27,1
12_31,13_31,1
12_33,13_33,1
12_35,13_35,1
12_37,13_37,1
12_41,13_41,1
12_43,13_43,1
12_45,13_45,1
12_47,13_47,1
12_49,13_49,1
12_57,13_57,1
12_59,13_59,1
12_65,13_65,1
12_71,13_71,1
12_73,13_73,1
12_79,13_79,1
13_1,13_2,1
13_1,14_1,1
13_2,13_3,1
13_5,14_5,1
13_7,13_8,1
13_8,13_9,1
13_9,14_9,1
13_11,14_11,1
13_13,13_14,1
13_14,13_15,1
13_17,13_18,1
13_17,14_17,1
13_18,13_19,1
13_19,14_19,1
13_21,13_22,1
13_21,14_21,1
13_22,13_23,1
13_23,14_23,1
13_25,13_26,1
13_25,14_25,1
13_26,13_27,1
13_29,13_30,1
13_29,14_29,1
13_30,13_31,1
13_33,14_33,1
13_35,14_35,1
13_37,14_37,1
13_39,14_39,1
13_41,14_41,1
13_43,13_44,1
13_44,13_45,1
13_49,13_50,1
13_50,13_51,1
13_51,14_51,1
13_53,13_54,1
13_54,13_55,1
13_55,13_56,1
13_56,13_57,1
13_57,14_57,1
13_61,13_62,1
13_61,14_61,1
13_62,13_63,1
13_63,13_64,1
13_64,13_65,1
13_67,13_68,1
13_67,14_67,1
13_68,13_69,1
13_69,13_70,1
13_70,13_71,1
13_71,14_71,1
13_73,13_74,1
13_74,13_75,1
13_75,14_75,1
13_77,14_77,1
13_79,14_79,1
14_1,15_1,1
14_5,15_5,1
14_9,15_9,1
14_11,15_11,1
14_17,15_17,1
14_19,15_19,1
14_21,15_21,1
14_23,15_23,1
14_25,15_25,1
14_29,15_29,1
14_33,15_33,1
14_35,15_35,1
14_37,15_37,1
14_39,15_39,1
14_41,15_41,1
14_51,15_51,1
14_57,15_57,1
14_61,15_61,1
14_67,15_67,1
14_71,15_71,1
14_75,15_75,1
14_77,15_77,1
14_79,15_79,1
15_1,15_2,1
15_1,16_1,1
15_2,15_3,1
15_3,16_3,1
15_5,15_6,1
15_6,15_7,1
15_9,15_10,1
15_10,15_11,1
15_11,15_12,1
15_12,15_13,1
15_13,15_14,1
15_14,15_15,1
15_15,15_16,1
15_16,15_17,1
15_19,16_19,1
15_21,16_21,1
15_23,15_24,1
15_24,15_25,1
15_27,16_27,1
15_29,16_29,1
15_31,15_32,1
15_31,16_31,1
15_32,15_33,1
15_35,16_35,1
15_37,15_38,1
15_38,15_39,1
15_41,15_42,1
15_42,15_43,1
15_43,15_44,1
15_43,16_43,1
15_44,15_45,1
15_45,15_46,1
15_46,15_47,1
15_47,15_48,1
15_47,16_47,1
15_48,15_49,1
15_49,16_49,1
15_51,16_51,1
15_53,15_54,1
15_53,16_53,1
15_54,15_55,1
15_55,16_55,1
15_57,15_58,1
15_58,15_59,1
15_59,15_60,1
15_60,15_61,1
15_61,15_62,1
15_62,15_63,1
15_63,15_64,1
15_64,15_65,1
15_65,16_65,1
15_67,15_68,1
15_68,15_69,1
15_69,16_69,1
15_73,15_74,1
15_73,16_73,1
15_74,15_75,1
15_77,16_77,1
15_79,16_79,1
16_1,17_1,1
16_3,17_3,1
16_19,17_19,1
16_21,17_21,1
16_27,17_27,1
16_29,17_29,1
16_31,17_31,1
16_35,17_35,1
16_43,17_43,1
16_47,17_47,1
16_49,17_49,1
16_51,17_51,1
16_53,17_53,1
16_55,17_55,1
16_65,17_65,1
16_69,17_69,1
16_73,17_73,1
16_77,17_77,1
16_79,17_79,1
17_1,18_1,1
17_3,18_3,1
17_5,17_6,1
17_5,18_5,1
17_6,17_7,1
17_7,17_8,1
17_8,17_9,1
17_9,17_10,1
17_10,17_11,1
17_11,17_12,1
17_12,17_13,1
17_13,17_14,1
17_14,17_15,1
17_15,18_15,1
17_17,17_18,1
17_17,18_17,1
17_18,17_19,1
17_21,17_22,1
17_22,17_23,1
17_23,18_23,1
17_25,17_26,1
17_25,18_25,1
17_26,17_27,1
17_29,18_29,1
17_31,17_32,1
17_32,17_33,1
17_33,18_33,1
17_35,17_36,1
17_36,17_37,1
17_37,17_38,1
17_38,17_39,1
17_39,17_40,1
17_40,17_41,1
17_41,18_41,1
17_43,17_44,1
17_44,17_45,1
17_45,18_45,1
17_47,18_47,1
17_51,18_51,1
17_53,18_53,1
17_55,17_56,1
17_56,17_57,1
17_57,17_58,1
17_58,17_59,1
17_59,18_59,1
17_61,17_62,1
17_61,18_61,1
17_62,17_63,1
17_63,18_63,1
17_65,17_66,1
17_66,17_67,1
17_67,18_67,1
17_69,17_70,1
17_70,17_71,1
17_71,17_72,1
17_72,17_73,1
17_73,18_73,1
17_75,17_76,1
17_75,18_75,1
17_76,17_77,1
17_77,18_77,1
17_79,18_79,1
18_1,19_1,1
18_3,19_3,1
18_5,19_5,1
18_15,19_15,1
18_17,19_17,1
18_23,19_23,1
18_25,19_25,1
18_29,19_29,1
18_33,19_33,1
18_41,19_41,1
18_45,19_45,1
18_47,19_47,1
18_51,18_52,1
18_51,19_51,1
18_52,18_53,1
18_52,19_52,1
18_53,19_53,1
18_59,19_59,1
18_61,19_61,1
18_63,19_63,1
18_67,19_67,1
18_73,19_73,1
18_75,19_75,1
18_77,19_77,1
18_79,19_79,1
19_1,20_1,1
19_3,20_3,1
19_5,19_6,1
19_6,19_7,1
19_7,20_7,1
19_9,19_10,1
19_9,20_9,1
19_10,19_11,1
19_11,19_12,1
19_12,19_13,1
19_13,20_13,1
19_15,19_16,1
19_16,19_17,1
19_19,19_20,1
19_19,20_19,1
19_20,19_21,1
19_21,19_22,1
19_22,19_23,1
19_25,20_25,1
19_27,19_28,1
19_27,20_27,1
19_28,19_29,1
19_29,19_30,1
19_30,19_31,1
19_31,20_31,1
19_33,19_34,1
19_34,19_35,1
19_35,20_35,1
19_37,19_38,1
19_37,20_37,1
19_38,19_39,1
19_41,20_41,1
19_43,19_44,1
19_44,19_45,1
19_47,19_48,1
19_48,19_49,1
19_49,19_50,1
19_50,19_51,1
19_51,19_52,1
19_52,19_53,1
19_55,19_56,1
19_55,20_55,1
19_56,19_57,1
19_59,19_60,1
19_60,19_61,1
19_63,19_64,1
19_64,19_65,1
19_65,19_66,1
19_66,19_67,1
19_67,19_68,1
19_68,19_69,1
19_69,19_70,1
19_70,19_71,1
19_71,20_71,1
19_73,19_74,1
19_74,19_75,1
19_77,20_77,1
19_79,20_79,1
20_1,21_1,1
20_3,21_3,1
20_7,21_7,1
20_9,21_9,1
20_13,21_13,1
20_19,21_19,1
20_25,21_25,1
20_27,21_27,1
20_31,21_31,1
20_35,21_35,1
20_37,21_37,1
20_41,21_41,1
20_55,21_55,1
20_71,21_71,1
20_77,21_77,1
20_79,21_79,1
21_1,22_1,1
21_3,21_4,1
21_4,21_5,1
21_5,22_5,1
21_7,22_7,1
21_9,21_10,1
21_10,21_11,1
21_11,22_11,1
21_13,22_13,1
21_15,21_16,1
21_15,22_15,1
21_16,21_17,1
21_17,22_17,1
21_19,22_19,1
21_21,21_22,1
21_21,22_21,1
21_22,21_23,1
21_23,21_24,1
21_24,21_25,1
21_25,22_25,1
21_27,22_27,1
21_29,22_29,1
21_31,22_31,1
21_33,22_33,1
21_35,22_35,1
21_37,21_38,1
21_38,21_39,1
21_39,22_39,1
21_41,21_42,1
21_42,21_43,1
21_43,21_44,1
21_44,21_45,1
21_45,21_46,1
21_46,21_47,1
21_47,21_48,1
21_48,21_49,1
21_49,21_50,1
21_50,21_51,1
21_51,22_51,1
21_53,21_54,1
21_53,22_53,1
21_54,21_55,1
21_55,22_55,1
21_57,21_58,1
21_57,22_57,1
21_58,21_59,1
21_59,21_60,1
21_60,21_61,1
21_61,21_62,1
21_61,22_61,1
21_62,21_63,1
21_63,22_63,1
21_65,21_66,1
21_65,22_65,1
21_66,21_67,1
21_67,21_68,1
21_68,21_69,1
21_69,22_69,1
21_71,22_71,1
21_73,21_74,1
21_73,22_73,1
21_74,21_75,1
21_75,21_76,1
21_76,21_77,1
21_79,22_79,1
22_1,23_1,1
22_5,23_5,1
22_7,23_7,1
22_11,23_11,1
22_13,23_13,1
22_15,23_15,1
22_17,23_17,1
22_19,23_19,1
22_21,23_21,1
22_25,23_25,1
22_27,23_27,1
22_29,23_29,1
22_31,23_31,1
22_33,23_33,1
22_35,23_35,1
22_39,23_39,1
22_51,23_51,1
22_53,23_53,1
22_55,23_55,1
22_57,23_57,1
22_61,23_61,1
22_63,23_63,1
22_65,23_65,1
22_69,23_69,1
22_71,23_71,1
22_73,23_73,1
22_79,23_79,1
23_1,24_1,1
23_3,23_4,1
23_3,24_3,1
23_4,23_5,1
23_7,23_8,1
23_8,23_9,1
23_9,24_9,1
23_11,24_11,1
23_13,23_14,1
23_14,23_15,1
23_19,24_19,1
23_21,23_22,1
23_22,23_23,1
23_25,24_25,1
23_27,24_27,1
23_29,24_29,1
23_31,23_32,1
23_32,23_33,1
23_33,24_33,1
23_35,23_36,1
23_36,23_37,1
23_37,24_37,1
23_39,23_40,1
23_39,24_39,1
23_40,23_41,1
23_41,23_42,1
23_42,23_43,1
23_43,24_43,1
23_45,23_46,1
23_45,24_45,1
23_46,23_47,1
23_47,23_48,1
23_48,23_49,1
23_49,24_49,1
23_51,24_51,1
23_53,24_53,1
23_57,24_57,1
23_59,24_59,1
23_61,24_61,1
23_63,24_63,1
23_65,24_65,1
23_67,24_67,1
23_69,23_70,1
23_70,23_71,1
23_73,23_74,1
23_74,23_75,1
23_75,23_76,1
23_76,23_77,1
23_77,24_77,1
23_79,24_79,1
24_1,25_1,1
24_3,25_3,1
24_9,25_9,1
24_11,25_11,1
24_19,25_19,1
24_25,25_25,1
24_27,25_27,1
24_29,25_29,1
24_33,25_33,1
24_37,25_37,1
24_39,25_39,1
24_43,25_43,1
24_45,25_45,1
24_49,25_49,1
24_51,25_51,1
24_53,25_53,1
24_57,25_57,1
24_59,25_59,1
24_61,25_61,1
24_63,25_63,1
24_65,25_65,1
24_67,25_67,1
24_77,25_77,1
24_79,25_79,1
25_1,26_1,1
25_3,25_4,1
25_4,25_5,1
25_5,25_6,1
25_5,26_5,1
25_6,25_7,1
25_9,26_9,1
25_11,26_11,1
25_13,25_14,1
25_13,26_13,1
25_14,25_15,1
25_15,26_15,1
25_17,25_18,1
25_17,26_17,1
25_18,25_19,1
25_21,25_22,1
25_21,26_21,1
25_22,25_23,1
25_23,26_23,1
25_25,26_25,1
25_27,26_27,1
25_29,25_30,1
25_30,25_31,1
25_31,25_32,1
25_32,25_33,1
25_33,25_34,1
25_34,25_35,1
25_37,26_37,1
25_39,26_39,1
25_41,25_42,1
25_42,25_43,1
25_43,25_44,1
25_44,25_45,1
25_47,25_48,1
25_47,26_47,1
25_48,25_49,1
25_51,26_51,1
25_53,25_54,1
25_54,25_55,1
25_55,25_56,1
25_56,25_57,1
25_57,26_57,1
25_59,26_59,1
25_61,26_61,1
25_65,26_65,1
25_67,25_68,1
25_67,26_67,1
25_68,25_69,1
25_71,25_72,1
25_71,26_71,1
25_72,25_73,1
25_73,26_73,1
25_75,25_76,1
25_75,26_75,1
25_76,25_77,1
25_79,26_79,1
26_1,27_1,1
26_5,27_5,1
26_9,27_9,1
26_11,27_11,1
26_13,27_13,1
26_15,27_15,1
26_17,27_17,1
26_21,27_21,1
26_23,27_23,1
26_25,27_25,1
26_27,27_27,1
26_37,27_37,1
26_39,27_39,1
26_47,27_47,1
26_51,27_51,1
26_57,27_57,1
26_59,27_59,1
26_61,27_61,1
26_65,27_65,1
26_67,27_67,1
26_71,27_71,1
26_73,27_73,1
26_75,27_75,1
26_79,27_79,1
27_1,27_2,1
27_2,27_3,1
27_3,28_3,1
27_5,27_6,1
27_6,27_7,1
27_7,27_8,1
27_8,27_9,1
27_11,28_11,1
27_13,28_13,1
27_15,27_16,1
27_16,27_17,1
27_19,27_20,1
27_20,27_21,1
27_21,28_21,1
27_23,28_23,1
27_25,28_25,1
27_27,27_28,1
27_28,27_29,1
27_29,27_30,1
27_30,27_31,1
27_31,27_32,1
27_32,27_33,1
27_33,28_33,1
27_35,27_36,1
27_35,28_35,1
27_36,27_37,1
27_39,27_40,1
27_39,28_39,1
27_40,27_41,1
27_41,28_41,1
27_43,27_44,1
27_43,28_43,1
27_44,27_45,1
27_45,28_45,1
27_47,27_48,1
27_48,27_49,1
27_49,28_49,1
27_51,27_52,1
27_52,27_53,1
27_53,27_54,1
27_54,27_55,1
27_55,28_55,1
27_57,27_58,1
27_57,28_57,1
27_58,27_59,1
27_61,28_61,1
27_63,27_64,1
27_63,28_63,1
27_64,27_65,1
27_67,27_68,1
27_68,27_69,1
27_69,27_70,1
27_70,27_71,1
27_73,27_74,1
27_73,28_73,1
27_74,27_75,1
27_75,27_76,1
27_76,27_77,1
27_79,28_79,1
28_3,29_3,1
28_11,29_11,1
28_13,29_13,1
28_21,29_21,1
28_23,29_23,1
28_25,29_25,1
28_33,29_33,1
28_35,29_35,1
28_39,29_39,1
28_41,29_41,1
28_43,29_43,1
28_45,29_45,1
28_49,29_49,1
28_55,29_55,1
28_57,29_57,1
28_61,29_61,1
28_63,29_63,1
28_73,29_73,1
28_79,29_79,1
29_1,29_2,1
29_1,30_1,1
29_2,29_3,1
29_5,29_6,1
29_6,29_7,1
29_7,29_8,1
29_8,29_9,1
29_9,29_10,1
29_10,29_11,1
29_11,29_12,1
29_11,30_11,1
29_12,29_13,1
29_13,29_14,1
29_14,29_15,1
29_15,29_16,1
29_16,29_17,1
29_17,29_18,1
29_18,29_19,1
29_19,29_20,1
29_19,30_19,1
29_20,29_21,1
29_23,29_24,1
29_24,29_25,1
29_25,29_26,1
29_26,29_27,1
29_27,29_28,1
29_28,29_29,1
29_29,29_30,1
29_29,30_29,1
29_30,29_31,1
29_33,30_33,1
29_35,29_36,1
29_36,29_37,1
29_37,30_37,1
29_41,30_41,1
29_43,30_43,1
29_45,29_46,1
29_46,29_47,1
29_47,30_47,1
29_49,30_49,1
29_51,29_52,1
29_51,30_51,1
29_52,29_53,1
29_53,30_53,1
29_55,30_55,1
29_59,29_60,1
29_59,30_59,1
29_60,29_61,1
29_63,29_64,1
29_64,29_65,1
29_65,30_65,1
29_67,29_68,1
29_67,30_67,1
29_68,29_69,1
29_69,29_70,1
29_70,29_71,1
29_71,30_71,1
29_75,29_76,1
29_75,30_75,1
29_76,29_77,1
29_77,30_77,1
29_79,30_79,1
30_1,31_1,1
30_11,31_11,1
30_19,31_19,1
30_29,31_29,1
30_33,31_33,1
30_37,31_37,1
30_41,31_41,1
30_43,31_43,1
30_47,31_47,1
30_49,31_49,1
30_51,31_51,1
30_53,31_53,1
30_55,31_55,1
30_59,31_59,1
30_65,31_65,1
30_67,31_67,1
30_71,31_71,1
30_75,31_75,1
30_77,31_77,1
30_79,31_79,1
31_1,32_1,1
31_3,31_4,1
31_4,31_5,1
31_5,31_6,1
31_5,32_5,1
31_6,31_7,1
31_7,31_8,1
31_8,31_9,1
31_9,32_9,1
31_11,31_12,1
31_12,31_13,1
31_15,31_16,1
31_15,32_15,1
31_16,31_17,1
31_17,32_17,1
31_21,31_22,1
31_21,32_21,1
31_22,31_23,1
31_23,31_24,1
31_24,31_25,1
31_25,31_26,1
31_26,31_27,1
31_27,32_27,1
31_29,32_29,1
31_31,31_32,1
31_31,32_31,1
31_32,31_33,1
31_33,31_34,1
31_34,31_35,1
31_37,31_38,1
31_38,31_39,1
31_39,31_40,1
31_40,31_41,1
31_45,31_46,1
31_45,32_45,1
31_46,31_47,1
31_49,31_50,1
31_50,31_51,1
31_51,32_51,1
31_55,31_56,1
31_56,31_57,1
31_57,32_57,1
31_59,31_60,1
31_60,31_61,1
31_61,31_62,1
31_61,32_61,1
31_62,31_63,1
31_63,32_63,1
31_65,32_65,1
31_67,31_68,1
31_67,32_67,1
31_68,31_69,1
31_69,32_69,1
31_71,31_72,1
31_72,31_73,1
31_73,31_74,1
31_73,32_73,1
31_74,31_75,1
31_77,31_78,1
31_78,31_79,1
32_1,33_1,1
32_5,33_5,1
32_9,33_9,1
32_15,33_15,1
32_17,33_17,1
32_21,33_21,1
32_27,33_27,1
32_29,33_29,1
32_31,33_31,1
32_45,33_45,1
32_51,33_51,1
32_57,33_57,1
32_61,33_61,1
32_63,33_63,1
32_65,33_65,1
32_67,33_67,1
32_69,33_69,1
32_73,33_73,1
33_1,33_2,1
33_2,33_3,1
33_3,34_3,1
33_5,34_5,1
33_7,34_7,1
33_9,33_10,1
33_10,33_11,1
33_11,33_12,1
33_12,33_13,1
33_13,34_13,1
33_15,34_15,1
33_17,34_17,1
33_19,33_20,1
33_19,34_19,1
33_20,33_21,1
33_23,33_24,1
33_23,34_23,1
33_24,33_25,1
33_25,33_26,1
33_26,33_27,1
33_29,34_29,1
33_31,33_32,1
33_32,33_33,1
33_33,33_34,1
33_34,33_35,1
33_35,33_36,1
33_36,33_37,1
33_37,33_38,1
33_37,34_37,1
33_38,33_39,1
33_39,34_39,1
33_41,33_42,1
33_41,34_41,1
33_42,33_43,1
33_43,33_44,1
33_43,34_43,1
33_44,33_45,1
33_47,33_48,1
33_47,34_47,1
33_48,33_49,1
33_49,33_50,1
33_50,33_51,1
33_53,33_54,1
33_53,34_53,1
33_54,33_55,1
33_55,34_55,1
33_57,34_57,1
33_59,33_60,1
33_59,34_59,1
33_60,33_61,1
33_63,34_63,1
33_65,34_65,1
33_67,34_67,1
33_69,33_70,1
33_70,33_71,1
33_71,34_71,1
33_75,33_76,1
33_75,34_75,1
33_76,33_77,1
33_77,33_78,1
33_78,33_79,1
33_79,34_79,1
34_3,35_3,1
34_5,35_5,1
34_7,35_7,1
34_13,35_13,1
34_15,35_15,1
34_17,35_17,1
34_19,35_19,1
34_23,35_23,1
34_29,35_29,1
34_37,35_37,1
34_39,35_39,1
34_41,35_41,1
34_43,35_43,1
34_47,35_47,1
34_53,35_53,1
34_55,35_55,1
34_57,35_57,1
34_59,35_59,1
34_63,35_63,1
34_65,35_65,1
34_67,35_67,1
34_71,35_71,1
34_75,35_75,1
34_79,35_79,1
35_1,36_1,1
35_3,35_4,1
35_4,35_5,1
35_7,35_8,1
35_7,36_7,1
35_8,35_9,1
35_9,35_10,1
35_10,35_11,1
35_11,36_11,1
35_13,35_14,1
35_14,35_15,1
35_17,35_18,1
35_18,35_19,1
35_21,36_21,1
35_23,36_23,1
35_25,35_26,1
35_26,35_27,1
35_27,36_27,1
35_29,36_29,1
35_31,35_32,1
35_31,36_31,1
35_32,35_33,1
35_33,35_34,1
35_34,35_35,1
35_35,36_35,1
35_37,36_37,1
35_39,36_39,1
35_41,36_41,1
35_43,35_44,1
35_44,35_45,1
35_45,36_45,1
35_47,36_47,1
35_49,36_49,1
35_51,35_52,1
35_51,36_51,1
35_52,35_53,1
35_55,35_56,1
35_56,35_57,1
35_59,35_60,1
35_60,35_61,1
35_61,36_61,1
35_65,36_65,1
35_67,36_67,1
35_69,35_70,1
35_69,36_69,1
35_70,35_71,1
35_73,35_74,1
35_73,36_73,1
35_74,35_75,1
35_77,35_78,1
35_77,36_77,1
35_78,35_79,1
36_1,37_1,1
36_7,37_7,1
36_11,37_11,1
36_21,37_21,1
36_23,37_23,1
36_27,37_27,1
36_29,37_29,1
36_31,37_31,1
36_35,37_35,1
36_37,37_37,1
36_39,37_39,1
36_41,37_41,1
36_45,37_45,1
36_47,37_47,1
36_49,37_49,1
36_51,37_51,1
36_61,37_61,1
36_65,37_65,1
36_67,37_67,1
36_69,37_69,1
36_73,37_73,1
36_77,37_77,1
37_1,37_2,1
37_1,38_1,1
37_2,37_3,1
37_5,37_6,1
37_5,38_5,1
37_6,37_7,1
37_7,37_8,1
37_8,37_9,1
37_9,38_9,1
37_11,37_12,1
37_12,37_13,1
37_13,38_13,1
37_15,37_16,1
37_15,38_15,1
37_16,37_17,1
37_17,38_17,1
37_19,37_20,1
37_19,38_19,1
37_20,37_21,1
37_23,37_24,1
37_24,37_25,1
37_25,38_25,1
37_27,38_27,1
37_29,37_30,1
37_30,37_31,1
37_33,38_33,1
37_35,38_35,1
37_37,38_37,1
37_41,37_42,1
37_42,37_43,1
37_43,38_43,1
37_45,38_45,1
37_47,38_47,1
37_49,38_49,1
37_51,38_51,1
37_53,37_54,1
37_53,38_53,1
37_54,37_55,1
37_55,37_56,1
37_56,37_57,1
37_57,37_58,1
37_58,37_59,1
37_59,38_59,1
37_61,37_62,1
37_61,38_61,1
37_62,37_63,1
37_63,37_64,1
37_64,37_65,1
37_69,37_70,1
37_69,38_69,1
37_70,37_71,1
37_71,37_72,1
37_72,37_73,1
37_73,37_74,1
37_74,37_75,1
37_77,37_78,1
37_78,37_79,1
37_79,38_79,1
38_1,39_1,1
38_5,39_5,1
38_9,39_9,1
38_13,39_13,1
38_15,39_15,1
38_17,39_17,1
38_19,39_19,1
38_25,39_25,1
38_27,39_27,1
38_33,39_33,1
38_35,39_35,1
38_37,39_37,1
38_43,39_43,1
38_45,39_45,1
38_47,39_47,1
38_49,39_49,1
38_51,39_51,1
38_53,39_53,1
38_59,39_59,1
38_61,39_61,1
38_69,39_69,1
38_79,39_79,1
39_1,40_1,1
39_3,39_4,1
39_3,40_3,1
39_4,39_5,1
39_7,39_8,1
39_7,40_7,1
39_8,39_9,1
39_11,39_12,1
39_11,40_11,1
39_12,39_13,1
39_15,40_15,1
39_17,40_17,1
39_19,40_19,1
39_21,39_22,1
39_21,40_21,1
39_22,39_23,1
39_23,39_24,1
39_24,39_25,1
39_27,39_28,1
39_27,40_27,1
39_28,39_29,1
39_29,39_30,1
39_30,39_31,1
39_31,39_32,1
39_31,40_31,1
39_32,39_33,1
39_35,40_35,1
39_37,39_38,1
39_38,39_39,1
39_39,39_40,1
39_40,39_41,1
39_41,39_42,1
39_42,39_43,1
39_45,40_45,1
39_47,39_48,1
39_47,40_47,1
39_48,39_49,1
39_51,39_52,1
39_52,39_53,1
39_53,39_54,1
39_54,39_55,1
39_57,39_58,1
39_57,40_57,1
39_58,39_59,1
39_61,39_62,1
39_62,39_63,1
39_63,40_63,1
39_65,39_66,1
39_65,40_65,1
39_66,39_67,1
39_67,40_67,1
39_71,39_72,1
39_71,40_71,1
39_72,39_73,1
39_73,39_74,1
39_74,39_75,1
39_75,39_76,1
39_76,39_77,1
39_77,39_78,1
39_78,39_79,1
39_79,40_79,1
40_1,41_1,1
40_3,41_3,1
40_7,41_7,1
40_11,41_11,1
40_15,41_15,1
40_17,41_17,1
40_19,41_19,1
40_21,41_21,1
40_27,41_27,1
40_31,41_31,1
40_35,41_35,1
40_45,41_45,1
40_47,41_47,1
40_57,41_57,1
40_63,41_63,1
40_65,41_65,1
40_67,41_67,1
40_71,41_71,1
40_79,41_79,1
41_1,41_2,1
41_1,42_1,1
41_2,41_3,1
41_5,41_6,1
41_5,42_5,1
41_6,41_7,1
41_9,41_10,1
41_9,42_9,1
41_10,41_11,1
41_13,41_14,1
41_13,42_13,1
41_14,41_15,1
41_17,41_18,1
41_18,41_19,1
41_19,42_19,1
41_21,42_21,1
41_23,42_23,1
41_25,41_26,1
41_25,42_25,1
41_26,41_27,1
41_29,42_29,1
41_31,41_32,1
41_32,41_33,1
41_33,41_34,1
41_34,41_35,1
41_35,41_36,1
41_36,41_37,1
41_37,41_38,1
41_37,42_37,1
41_38,41_39,1
41_41,41_42,1
41_41,42_41,1
41_42,41_43,1
41_43,42_43,1
41_45,41_46,1
41_46,41_47,1
41_47,42_47,1
41_49,41_50,1
41_49,42_49,1
41_50,41_51,1
41_51,41_52,1
41_52,41_53,1
41_53,42_53,1
41_55,41_56,1
41_55,42_55,1
41_56,41_57,1
41_59,41_60,1
41_59,42_59,1
41_60,41_61,1
41_63,42_63,1
41_65,42_65,1
41_67,41_68,1
41_68,41_69,1
41_69,41_70,1
41_70,41_71,1
41_73,41_74,1
41_74,41_75,1
41_75,41_76,1
41_75,42_75,1
41_76,41_77,1
41_79,42_79,1
42_1,43_1,1
42_5,43_5,1
42_9,43_9,1
42_13,43_13,1
42_19,43_19,1
42_21,43_21,1
42_23,43_23,1
42_25,43_25,1
42_29,43_29,1
42_37,43_37,1
42_41,43_41,1
42_43,43_43,1
42_47,43_47,1
42_49,43_49,1
42_53,43_53,1
42_55,43_55,1
42_59,43_59,1
42_63,43_63,1
42_65,43_65,1
42_75,43_75,1
42_79,43_79,1
43_1,44_1,1
43_3,43_4,1
43_3,44_3,1
43_4,43_5,1
43_7,44_7,1
43_9,43_10,1
43_10,43_11,1
43_11,44_11,1
43_13,44_13,1
43_15,43_16,1
43_16,43_17,1
43_17,43_18,1
43_18,43_19,1
43_19,44_19,1
43_21,44_21,1
43_23,43_24,1
43_23,44_23,1
43_24,43_25,1
43_27,43_28,1
43_27,44_27,1
43_28,43_29,1
43_29,43_30,1
43_29,44_29,1
43_30,43_31,1
43_33,43_34,1
43_33,44_33,1
43_34,43_35,1
43_35,44_35,1
43_39,43_40,1
43_39,44_39,1
43_40,43_41,1
43_43,43_44,1
43_44,43_45,1
43_45,44_45,1
43_47,44_47,1
43_49,44_49,1
43_51,43_52,1
43_51,44_51,1
43_52,43_53,1
43_55,44_55,1
43_57,43_58,1
43_58,43_59,1
43_59,43_60,1
43_60,43_61,1
43_61,44_61,1
43_63,43_64,1
43_64,43_65,1
43_67,43_68,1
43_67,44_67,1
43_68,43_69,1
43_69,43_70,1
43_70,43_71,1
43_71,43_72,1
43_72,43_73,1
43_73,43_74,1
43_73,44_73,1
43_74,43_75,1
43_75,44_75,1
43_77,43_78,1
43_77,44_77,1
43_78,43_79,1
44_1,45_1,1
44_3,45_3,1
44_7,45_7,1
44_11,45_11,1
44_13,45_13,1
44_19,45_19,1
44_21,45_21,1
44_23,45_23,1
44_27,45_27,1
44_29,45_29,1
44_33,45_33,1
44_35,45_35,1
44_39,45_39,1
44_45,45_45,1
44_47,45_47,1
44_49,45_49,1
44_51,45_51,1
44_55,45_55,1
44_61,45_61,1
44_67,45_67,1
44_73,45_73,1
44_75,45_75,1
44_77,45_77,1
45_3,46_3,1
45_5,46_5,1
45_7,45_8,1
45_7,46_7,1
45_8,45_9,1
45_9,46_9,1
45_11,46_11,1
45_13,45_14,1
45_13,46_13,1
45_14,45_15,1
45_15,45_16,1
45_16,45_17,1
45_17,46_17,1
45_19,46_19,1
45_21,46_21,1
45_23,45_24,1
45_24,45_25,1
45_25,46_25,1
45_27,46_27,1
45_29,46_29,1
45_31,45_32,1
45_31,46_31,1
45_32,45_33,1
45_35,45_36,1
45_36,45_37,1
45_37,46_37,1
45_39,46_39,1
45_41,46_41,1
45_43,45_44,1
45_43,46_43,1
45_44,45_45,1
45_49,46_49,1
45_51,45_52,1
45_52,45_53,1
45_53,46_53,1
45_55,45_56,1
45_56,45_57,1
45_57,45_58,1
45_58,45_59,1
45_59,46_59,1
45_61,45_62,1
45_62,45_63,1
45_63,45_64,1
45_63,46_63,1
45_64,45_65,1
45_65,46_65,1
45_67,46_67,1
45_69,45_70,1
45_69,46_69,1
45_70,45_71,1
45_71,45_72,1
45_72,45_73,1
45_77,45_78,1
45_78,45_79,1
45_79,46_79,1
46_3,47_3,1
46_5,47_5,1
46_7,47_7,1
46_9,47_9,1
46_11,47_11,1
46_13,47_13,1
46_17,47_17,1
46_19,47_19,1
46_21,47_21,1
46_25,47_25,1
46_27,47_27,1
46_29,47_29,1
46_31,47_31,1
46_37,47_37,1
46_39,47_39,1
46_41,47_41,1
46_43,47_43,1
46_49,47_49,1
46_53,47_53,1
46_59,47_59,1
46_63,47_63,1
46_65,47_65,1
46_67,47_67,1
46_69,47_69,1
46_79,47_79,1
47_1,47_2,1
47_1,48_1,1
47_2,47_3,1
47_5,47_6,1
47_5,48_5,1
47_6,47_7,1
47_9,47_10,1
47_10,47_11,1
47_15,47_16,1
47_15,48_15,1
47_16,47_17,1
47_17,48_17,1
47_21,48_21,1
47_23,47_24,1
47_23,48_23,1
47_24,47_25,1
47_27,48_27,1
47_29,48_29,1
47_31,47_32,1
47_32,47_33,1
47_33,47_34,1
47_34,47_35,1
47_35,48_35,1
47_37,47_38,1
47_38,47_39,1
47_41,47_42,1
47_41,48_41,1
47_42,47_43,1
47_45,47_46,1
47_45,48_45,1
47_46,47_47,1
47_47,48_47,1
47_49,47_50,1
47_49,48_49,1
47_50,47_51,1
47_51,48_51,1
47_53,47_54,1
47_54,47_55,1
47_55,48_55,1
47_57,47_58,1
47_57,48_57,1
47_58,47_59,1
47_61,47_62,1
47_61,48_61,1
47_62,47_63,1
47_67,48_67,1
47_69,47_70,1
47_70,47_71,1
47_71,48_71,1
47_73,47_74,1
47_73,48_73,1
47_74,47_75,1
47_75,47_76,1
47_76,47_77,1
47_77,47_78,1
47_78,47_79,1
48_1,49_1,1
48_5,49_5,1
48_15,49_15,1
48_17,49_17,1
48_21,49_21,1
48_23,49_23,1
48_27,49_27,1
48_29,49_29,1
48_35,49_35,1
48_41,49_41,1
48_45,49_45,1
48_47,48_48,1
48_47,49_47,1
48_48,48_49,1
48_49,49_49,1
48_51,49_51,1
48_55,49_55,1
48_57,49_57,1
48_61,49_61,1
48_67,49_67,1
48_71,49_71,1
48_73,49_73,1
49_1,49_2,1
49_1,50_1,1
49_2,49_3,1
49_3,50_3,1
49_5,49_6,1
49_6,49_7,1
49_7,50_7,1
49_9,49_10,1
49_9,50_9,1
49_10,49_11,1
49_11,49_12,1
49_11,50_11,1
49_12,49_13,1
49_13,49_14,1
49_14,49_15,1
49_17,49_18,1
49_17,50_17,1
49_18,49_19,1
49_19,49_20,1
49_20,49_21,1
49_23,50_23,1
49_25,49_26,1
49_26,49_27,1
49_29,49_30,1
49_29,50_29,1
49_30,49_31,1
49_31,49_32,1
49_32,49_33,1
49_33,50_33,1
49_35,49_36,1
49_36,49_37,1
49_37,49_38,1
49_38,49_39,1
49_39,50_39,1
49_41,49_42,1
49_42,49_43,1
49_43,50_43,1
49_45,50_45,1
49_47,50_47,1
49_51,50_51,1
49_53,50_53,1
49_55,50_55,1
49_57,49_58,1
49_58,49_59,1
49_59,50_59,1
49_61,50_61,1
49_63,49_64,1
49_63,50_63,1
49_64,49_65,1
49_65,49_66,1
49_66,49_67,1
49_69,50_69,1
49_71,49_72,1
49_72,49_73,1
49_75,49_76,1
49_75,50_75,1
49_76,49_77,1
49_77,49_78,1
49_78,49_79,1
50_1,51_1,1
50_3,51_3,1
50_7,51_7,1
50_9,51_9,1
50_11,51_11,1
50_17,51_17,1
50_23,51_23,1
50_29,51_29,1
50_33,51_33,1
50_39,51_39,1
50_43,51_43,1
50_45,51_45,1
50_47,51_47,1
50_51,51_51,1
50_53,51_53,1
50_55,51_55,1
50_59,51_59,1
50_61,51_61,1
50_63,51_63,1
50_69,51_69,1
50_75,51_75,1
51_3,52_3,1
51_5,52_5,1
51_7,51_8,1
51_8,51_9,1
51_11,52_11,1
51_13,51_14,1
51_13,52_13,1
51_14,51_15,1
51_15,51_16,1
51_16,51_17,1
51_19,51_20,1
51_20,51_21,1
51_21,52_21,1
51_23,52_23,1
51_25,51_26,1
51_25,52_25,1
51_26,51_27,1
51_27,52_27,1
51_29,51_30,1
51_30,51_31,1
51_31,52_31,1
51_33,51_34,1
51_34,51_35,1
51_35,51_36,1
51_36,51_37,1
51_39,52_39,1
51_41,51_42,1
51_41,52_41,1
51_42,51_43,1
51_45,52_45,1
51_47,51_48,1
51_48,51_49,1
51_49,51_50,1
51_50,51_51,1
51_53,52_53,1
51_55,52_55,1
51_57,51_58,1
51_57,52_57,1
51_58,51_59,1
51_61,52_61,1
51_63,51_64,1
51_64,51_65,1
51_65,51_66,1
51_66,51_67,1
51_67,52_67,1
51_69,51_70,1
51_70,51_71,1
51_71,51_72,1
51_72,51_73,1
51_73,51_74,1
51_73,52_73,1
51_74,51_75,1
51_75,52_75,1
51_77,51_78,1
51_77,52_77,1
51_78,51_79,1
51_79,52_79,1
52_3,53_3,1
52_5,53_5,1
52_11,53_11,1
52_13,53_13,1
52_21,53_21,1
52_23,53_23,1
52_25,53_25,1
52_27,53_27,1
52_31,53_31,1
52_39,53_39,1
52_41,53_41,1
52_45,53_45,1
52_53,53_53,1
52_55,53_55,1
52_57,53_57,1
52_61,53_61,1
52_67,53_67,1
52_73,53_73,1
52_75,53_75,1
52_77,53_77,1
52_79,53_79,1
53_1,53_2,1
53_1,54_1,1
53_2,53_3,1
53_3,53_4,1
53_4,53_5,1
53_5,53_6,1
53_5,54_5,1
53_6,53_7,1
53_7,53_8,1
53_7,54_7,1
53_8,53_9,1
53_11,54_11,1
53_13,54_13,1
53_15,53_16,1
53_16,53_17,1
53_17,53_18,1
53_17,54_17,1
53_18,53_19,1
53_19,53_20,1
53_20,53_21,1
53_23,53_24,1
53_24,53_25,1
53_27,54_27,1
53_29,53_30,1
53_29,54_29,1
53_30,53_31,1
53_33,53_34,1
53_33,54_33,1
53_34,53_35,1
53_35,53_36,1
53_36,53_37,1
53_37,54_37,1
53_39,54_39,1
53_41,53_42,1
53_42,53_43,1
53_43,54_43,1
53_45,53_46,1
53_46,53_47,1
53_47,54_47,1
53_49,53_50,1
53_49,54_49,1
53_50,53_51,1
53_51,53_52,1
53_52,53_53,1
53_53,54_53,1
53_55,54_55,1
53_57,53_58,1
53_58,53_59,1
53_59,54_59,1
53_61,54_61,1
53_63,53_64,1
53_63,54_63,1
53_64,53_65,1
53_65,54_65,1
53_67,53_68,1
53_68,53_69,1
53_69,53_70,1
53_70,53_71,1
53_71,54_71,1
53_75,53_76,1
53_76,53_77,1
53_79,54_79,1
54_1,55_1,1
54_5,55_5,1
54_7,55_7,1
54_11,55_11,1
54_13,55_13,1
54_17,55_17,1
54_27,55_27,1
54_29,55_29,1
54_33,55_33,1
54_37,55_37,1
54_39,55_39,1
54_43,55_43,1
54_47,55_47,1
54_49,55_49,1
54_53,55_53,1
54_55,55_55,1
54_59,55_59,1
54_61,55_61,1
54_63,55_63,1
54_65,55_65,1
54_71,55_71,1
54_79,55_79,1
55_1,55_2,1
55_1,56_1,1
55_2,55_3,1
55_3,56_3,1
55_7,55_8,1
55_7,56_7,1
55_8,55_9,1
55_9,55_10,1
55_10,55_11,1
55_13,55_14,1
55_14,55_15,1
55_15,56_15,1
55_17,55_18,1
55_18,55_19,1
55_19,55_20,1
55_20,55_21,1
55_21,55_22,1
55_21,56_21,1
55_22,55_23,1
55_23,55_24,1
55_24,55_25,1
55_25,55_26,1
55_26,55_27,1
55_27,55_28,1
55_28,55_29,1
55_31,55_32,1
55_31,56_31,1
55_32,55_33,1
55_35,56_35,1
55_37,55_38,1
55_38,55_39,1
55_41,56_41,1
55_43,55_44,1
55_44,55_45,1
55_45,56_45,1
55_47,56_47,1
55_49,55_50,1
55_49,56_49,1
55_50,55_51,1
55_51,56_51,1
55_53,56_53,1
55_55,55_56,1
55_56,55_57,1
55_57,56_57,1
55_59,56_59,1
55_61,55_62,1
55_61,56_61,1
55_62,55_63,1
55_65,55_66,1
55_66,55_67,1
55_67,55_68,1
55_68,55_69,1
55_69,56_69,1
55_71,55_72,1
55_72,55_73,1
55_73,55_74,1
55_74,55_75,1
55_75,55_76,1
55_76,55_77,1
55_77,55_78,1
55_78,55_79,1
55_79,56_79,1
56_1,57_1,1
56_3,57_3,1
56_7,57_7,1
56_15,57_15,1
56_21,57_21,1
56_31,57_31,1
56_35,57_35,1
56_41,57_41,1
56_45,57_45,1
56_47,57_47,1
56_49,57_49,1
56_51,57_51,1
56_53,57_53,1
56_57,57_57,1
56_59,57_59,1
56_61,57_61,1
56_69,57_69,1
56_79,57_79,1
57_1,58_1,1
57_3,57_4,1
57_4,57_5,1
57_5,58_5,1
57_7,57_8,1
57_8,57_9,1
57_11,57_12,1
57_11,58_11,1
57_12,57_13,1
57_13,57_14,1
57_14,57_15,1
57_17,57_18,1
57_17,58_17,1
57_18,57_19,1
57_19,58_19,1
57_23,57_24,1
57_23,58_23,1
57_24,57_25,1
57_25,58_25,1
57_27,57_28,1
57_27,58_27,1
57_28,57_29,1
57_29,57_30,1
57_30,57_31,1
57_33,58_33,1
57_35,57_36,1
57_35,58_35,1
57_36,57_37,1
57_37,57_38,1
57_38,57_39,1
57_39,58_39,1
57_41,57_42,1
57_41,58_41,1
57_42,57_43,1
57_43,58_43,1
57_45,57_46,1
57_46,57_47,1
57_49,58_49,1
57_51,58_51,1
57_55,57_56,1
57_55,58_55,1
57_56,57_57,1
57_59,58_59,1
57_61,58_61,1
57_63,57_64,1
57_64,57_65,1
57_65,57_66,1
57_65,58_65,1
57_66,57_67,1
57_67,58_67,1
57_69,57_70,1
57_70,57_71,1
57_71,58_71,1
57_73,57_74,1
57_73,58_73,1
57_74,57_75,1
57_75,57_76,1
57_75,58_75,1
57_76,57_77,1
57_79,58_79,1
58_1,59_1,1
58_5,59_5,1
58_11,59_11,1
58_17,59_17,1
58_19,59_19,1
58_23,59_23,1
58_25,59_25,1
58_27,59_27,1
58_33,59_33,1
58_35,59_35,1
58_39,59_39,1
58_41,59_41,1
58_43,59_43,1
58_49,59_49,1
58_51,59_51,1
58_55,59_55,1
58_59,59_59,1
58_61,59_61,1
58_65,59_65,1
58_67,59_67,1
58_71,59_71,1
58_73,59_73,1
58_75,59_75,1
58_79,59_79,1
59_1,59_2,1
59_2,59_3,1
59_5,59_6,1
59_6,59_7,1
59_7,59_8,1
59_8,59_9,1
59_9,59_10,1
59_10,59_11,1
59_11,59_12,1
59_12,59_13,1
59_13,59_14,1
59_14,59_15,1
59_15,59_16,1
59_16,59_17,1
59_19,59_20,1
59_20,59_21,1
59_21,59_22,1
59_22,59_23,1
59_25,59_26,1
59_26,59_27,1
59_29,59_30,1
59_30,59_31,1
59_31,59_32,1
59_32,59_33,1
59_33,59_34,1
59_34,59_35,1
59_35,59_36,1
59_36,59_37,1
59_39,59_40,1
59_40,59_41,1
59_43,59_44,1
59_44,59_45,1
59_45,59_46,1
59_46,59_47,1
59_47,59_48,1
59_48,59_49,1
59_51,59_52,1
59_52,59_53,1
59_53,59_54,1
59_54,59_55,1
59_55,59_56,1
59_56,59_57,1
59_57,59_58,1
59_58,59_59,1
59_61,59_62,1
59_62,59_63,1
59_63,59_64,1
59_64,59_65,1
59_67,59_68,1
59_68,59_69,1
59_71,59_72,1
59_72,59_73,1
59_75,59_76,1
59_76,59_77,1
59_77,59_78,1
59_78,59_79,1
